method,window_fraction,mae,rmse,r2,auroc
direct_physics_lstm,0.1,0.23376446981783428,0.2874880172039879,0.9458895199822637,0.9943019943019944
inverse_gamma_reconstruct,0.1,1.5908582745220172,1.8121633279761418,-1.1499906265997812,nan
direct_physics_lstm,0.15,0.23448075693450737,0.31738151385437663,0.9340514659608944,0.9945054945054945
inverse_gamma_reconstruct,0.15,1.3679069146446783,1.6235440756721746,-0.7257189099823682,nan
direct_physics_lstm,0.2,0.22906838680697544,0.31767813954836105,0.9339281369692081,0.9921875
inverse_gamma_reconstruct,0.2,1.4955082767159422,1.7314576407455042,-0.962752928032204,nan
direct_physics_lstm,0.3,0.17056267344497017,0.21931285493672162,0.9685101879635967,1.0
inverse_gamma_reconstruct,0.3,1.3434542040119857,1.6619382137081038,-0.8083048171870142,nan
direct_physics_lstm,0.5,0.1633701342183694,0.22182134672656262,0.9388438211779333,0.9849999999999999
inverse_gamma_reconstruct,0.5,1.4600477376613106,1.718606071280016,-2.671016613221247,nan
