seed,J,r2,mae,auroc,n_samples
42,0.2,0.8342509580336164,0.4518434688938013,0.9164835164835166,87
42,0.5,0.8082669946372009,0.4600240332512947,0.9595728451563692,80
42,0.8,0.8193550704381466,0.4647749011434549,0.8636647904940589,80
42,1.0,0.8309403361999248,0.47227050277394217,0.9522714203565267,84
42,1.2,0.8048219099995588,0.6173763242631786,0.8801331853496115,87
42,1.5,0.734710987754098,0.5380248586138272,0.8860936408106219,80
42,2.0,0.7723717436814803,0.600267253683804,0.9444444444444444,80
43,0.2,0.8918651898535055,0.3380726506962166,0.9773557341124909,74
43,0.5,0.9439123999765504,0.2970541649449783,0.9838827838827839,74
43,0.8,0.8104339957339484,0.4435296976680325,0.9013199245757385,80
43,1.0,0.8130598010334292,0.4641177321544343,0.9750830564784053,85
43,1.2,0.7400101209355845,0.5098091693562322,0.9577677224736048,73
43,1.5,0.7872291015696219,0.3337345835000951,0.9290598290598291,71
43,2.0,0.8792832295772359,0.336066690674933,0.9728571428571429,75
44,0.2,0.8665561940278683,0.47675607279402016,0.9681611435997401,84
44,0.5,0.6198665232825465,0.563743298045891,0.9626666666666667,80
44,0.8,0.4486331627693777,0.7616323332487891,0.9020833333333333,77
44,1.0,0.8753244130749356,0.3538942474905309,0.9768518518518519,78
44,1.2,0.6077621706049718,0.39776228216929943,0.9013806706114399,78
44,1.5,0.7981035489826604,0.5550319925802518,0.956078431372549,76
44,2.0,0.8712347294367262,0.3013839500677292,0.9955555555555555,80
