seed,scenario,variant,r2,mae,auroc
42,A,physics_only,0.9999999720940963,0.0004648158779778431,1.0
42,A,lstm_only,0.2519293913774413,3.3436850570715664,0.8369104398516164
42,A,physics_lstm,0.7086096334209258,1.105589459600964,0.999867514573397
42,A,transformer,0.7057012228278579,1.1914925899668873,0.9945018547959725
42,A,stretched_exp,0.9999999341516798,0.0005907516235198073,1.0
42,B,physics_only,0.4952982275714445,0.7757238292861341,0.9647176722648421
42,B,lstm_only,-1.4265167314964757,3.349691092384706,0.8410740203193033
42,B,physics_lstm,0.9178424733792512,0.5607423753430599,0.9400096758587324
42,B,transformer,0.9367435146860141,0.3160846740905603,0.9932268988872763
42,B,stretched_exp,0.8284506241836822,0.4488792859189489,0.9411154882852996
42,C,physics_only,0.9534107802815405,0.18229919861370922,0.9963929146537842
42,C,lstm_only,-2.49818493802044,2.0496637802857296,0.7468276972624799
42,C,physics_lstm,0.970829873223176,0.1931304498613693,0.9764895330112722
42,C,transformer,0.9614582062882379,0.17062329348456529,0.9859581320450886
42,C,stretched_exp,0.9677487124198882,0.18128516376034662,0.9658615136876006
43,A,physics_only,0.9999999555045168,0.00041832866463797024,1.0
43,A,lstm_only,-0.03766636473611307,3.4429021419945447,0.8040890269151137
43,A,physics_lstm,0.7492662266058414,0.7206060558731301,0.999611801242236
43,A,transformer,0.7435119173837935,0.8137465845857055,0.9780020703933747
43,A,stretched_exp,0.9999999237606371,0.00045227344255584966,1.0
43,B,physics_only,0.3264320447139638,1.0559492168169295,0.9471838702607933
43,B,lstm_only,-0.29585999997013745,2.2085285231812506,0.8999561691869383
43,B,physics_lstm,0.880182859469131,0.755931142730125,0.9761122068814376
43,B,transformer,0.9647608664503557,0.2928957524918377,0.989115348089707
43,B,stretched_exp,0.8618796058118764,0.5160698459980313,0.9047045072686098
43,C,physics_only,0.953465147010642,0.2158204567068098,0.991409632034632
43,C,lstm_only,-1.6015032445954556,2.0064057509468625,0.7351190476190477
43,C,physics_lstm,0.945175134022147,0.30110747379856123,0.949810606060606
43,C,transformer,0.9471908501474319,0.25055016033756694,0.9914772727272727
43,C,stretched_exp,0.9683961369652313,0.2270544907980584,0.9368912337662338
44,A,physics_only,0.9999999809468832,0.00032265729021565013,1.0
44,A,lstm_only,-0.5674384356245712,3.1168689570436827,0.708308933567571
44,A,physics_lstm,-0.0518323382946293,2.265445280805836,0.7534647667382393
44,A,transformer,0.7866195315963642,0.4451110741826938,0.9869867915934672
44,A,stretched_exp,0.9999998727108338,0.0004147396768078142,1.0
44,B,physics_only,0.7405335216163187,0.520079593134445,0.948072358714478
44,B,lstm_only,0.38975649671427515,1.3368483996063913,0.8782474821989865
44,B,physics_lstm,0.7747584188554913,0.9814980939547839,0.9764577586759894
44,B,transformer,0.9675606483243028,0.28457260067350026,0.9830008339213547
44,B,stretched_exp,0.9351554740040902,0.2947723788961451,0.9644941946244148
44,C,physics_only,0.9743691857728871,0.1468983957008797,0.9943064182194616
44,C,lstm_only,-1.6497194472939896,1.8706290011868367,0.684265010351967
44,C,physics_lstm,0.9796423210691126,0.187074554235035,0.9741847826086957
44,C,transformer,0.987726959877429,0.12409326605318724,0.9960533126293996
44,C,stretched_exp,0.9809943230416376,0.15851637536125276,0.957621635610766
