seed,f,r2,mae,auroc,n_samples
42,0.05,0.7174634145760739,0.6950933627342246,0.9824771007566707,120
42,0.1,0.7174756300418761,0.6926409112653343,0.9840848806366048,120
42,0.15,0.7257058288180396,0.6923732831422628,0.9923371647509579,120
42,0.2,0.7330999625735054,0.6580844623367592,0.9857804232804233,120
42,0.3,0.7413252059550256,0.6383730173803812,0.9940625000000001,120
42,0.5,0.6941005541954235,0.6954527294437174,0.9955207166853304,104
43,0.05,0.9698415845575592,0.25234901409949106,0.9781052631578947,120
43,0.1,0.9698415845575592,0.25234901409949106,0.9781052631578947,120
43,0.15,0.970089605553792,0.24634106010560053,0.9787234042553191,120
43,0.2,0.9735718184123116,0.23422205257541556,0.9670031055900621,120
43,0.3,0.9733696143997037,0.22715922895553017,0.974537037037037,120
43,0.5,0.9824114395882805,0.19474078210730272,0.9791421856639247,120
44,0.05,0.9367995014020073,0.41245429490364577,0.9756182514803204,120
44,0.1,0.9367995014020073,0.41245429490364577,0.9756182514803204,120
44,0.15,0.9327359111545258,0.3994962557561745,0.9889075630252101,120
44,0.2,0.9338031450935131,0.406473394795983,0.9910714285714286,120
44,0.3,0.9493033131690667,0.36681611413235715,0.9776502567200241,120
44,0.5,0.952705694893001,0.3188475688481486,0.9975490196078431,107
