seed,arm,sigma,r2,mae,auroc
42,physics_lstm,0.0,0.9712292552948768,0.1781793668007338,0.968218773096822
42,physics_lstm,0.01,0.8364639542007654,0.3027172505483921,0.9039172209903916
42,physics_lstm,0.02,0.672598916726147,0.4461015568745308,0.8370288248337028
42,physics_lstm,0.05,0.1968363370769791,1.071640877746166,0.663710273466371
42,physics_lstm,0.1,0.1108659833578619,1.134712954834389,0.5742793791574279
42,physics_lstm_aug,0.0,0.9573097404207292,0.2451385238890435,0.9586104951958612
42,physics_lstm_aug,0.01,0.9367075295260826,0.2704257177008187,0.9696969696969696
42,physics_lstm_aug,0.02,0.8963441922395308,0.3169251462040263,0.9652623798965264
42,physics_lstm_aug,0.05,0.7433915752413196,0.5053257323426855,0.917220990391722
42,physics_lstm_aug,0.1,0.6117795732759972,0.6994161134258856,0.7997043606799704
42,lstm_only_aug,0.0,0.7701528032529164,0.5160525260495934,0.9098300073909832
42,lstm_only_aug,0.01,0.7797144013743369,0.5049803555985157,0.9083518107908352
42,lstm_only_aug,0.02,0.7868216288515263,0.4963039505698594,0.9105691056910568
42,lstm_only_aug,0.05,0.7879308022890615,0.4934050908950634,0.917220990391722
42,lstm_only_aug,0.1,0.8112144116919872,0.4775408501073666,0.9031781226903178
42,transformer,0.0,0.7867175029286798,0.4143371490914097,0.9896526237989652
42,transformer,0.01,0.7833526247288404,0.4089421933847785,0.9963045084996304
42,transformer,0.02,0.7778384980313255,0.4115348705951412,0.9963045084996304
42,transformer,0.05,0.7473073556822891,0.4671752878490221,0.9881744271988174
42,transformer,0.1,0.6599535463513861,0.6092064798157161,0.9393939393939392
42,transformer_aug,0.0,0.7123618334977873,0.5591381090470886,0.917220990391722
42,transformer_aug,0.01,0.7076080375243546,0.5569941090836803,0.9260901699926092
42,transformer_aug,0.02,0.7012866177128143,0.5593053360891604,0.9253510716925352
42,transformer_aug,0.05,0.6780272021267915,0.5810502800496313,0.9209164818920916
42,transformer_aug,0.1,0.6264726903751334,0.6596951248311574,0.8396156688839616
43,physics_lstm,0.0,0.9588248176561076,0.2595649742383792,0.9578947368421052
43,physics_lstm,0.01,0.9288801719764376,0.3320251919780375,0.8649122807017544
43,physics_lstm,0.02,0.8904558318686029,0.3956451703754558,0.887280701754386
43,physics_lstm,0.05,0.5205723076168611,0.9420467922536984,0.7907894736842105
43,physics_lstm,0.1,0.4949344110655267,0.9341538391081194,0.7429824561403509
43,physics_lstm_aug,0.0,0.9238615497170816,0.4313170342904442,0.880701754385965
43,physics_lstm_aug,0.01,0.9259281482683064,0.4162912043350802,0.8719298245614034
43,physics_lstm_aug,0.02,0.9172158632358286,0.4397162196137049,0.8684210526315789
43,physics_lstm_aug,0.05,0.8375029107875609,0.530564930677764,0.8100877192982456
43,physics_lstm_aug,0.1,0.80920187769155,0.6121194408664574,0.7916666666666666
43,lstm_only_aug,0.0,0.7654684957045989,0.6834400567653091,0.712280701754386
43,lstm_only_aug,0.01,0.764439053152728,0.6848455821201387,0.7175438596491228
43,lstm_only_aug,0.02,0.763172239791595,0.6887724466409118,0.7210526315789474
43,lstm_only_aug,0.05,0.7522331403613038,0.7058486078859664,0.7385964912280701
43,lstm_only_aug,0.1,0.7478256992341772,0.7206291870743228,0.7307017543859649
43,transformer,0.0,0.9395266364024234,0.3522491472401611,0.9771929824561404
43,transformer,0.01,0.937852679709045,0.3594684081562117,0.9710526315789474
43,transformer,0.02,0.9346887092593616,0.3710109494169845,0.9526315789473684
43,transformer,0.05,0.8965590905546112,0.4310547421861138,0.8999999999999999
43,transformer,0.1,0.7121085464159402,0.6400902644291508,0.7701754385964912
43,transformer_aug,0.0,0.8775265669853788,0.5154917069623466,0.9649122807017544
43,transformer_aug,0.01,0.8750735181214828,0.5204215535884147,0.962280701754386
43,transformer_aug,0.02,0.8695779814953578,0.529112316456038,0.95
43,transformer_aug,0.05,0.8359749577773086,0.5802350392544364,0.8798245614035087
43,transformer_aug,0.1,0.7460674526448253,0.673663861593305,0.7859649122807018
44,physics_lstm,0.0,0.5690212910173027,0.6566265249247102,0.9865384615384616
44,physics_lstm,0.01,0.5662506208531894,0.6830223185222402,0.9801282051282052
44,physics_lstm,0.02,0.5019227942117179,0.8229761132591518,0.957051282051282
44,physics_lstm,0.05,0.219628703749859,1.3661987331587302,0.8147435897435897
44,physics_lstm,0.1,0.1326062091620001,1.4390854188355684,0.6641025641025642
44,physics_lstm_aug,0.0,0.5679840357897948,0.7037092620329748,0.9807692307692308
44,physics_lstm_aug,0.01,0.5670909824625868,0.7071505248764567,0.9775641025641024
44,physics_lstm_aug,0.02,0.5654244152837238,0.7167719518989947,0.9717948717948718
44,physics_lstm_aug,0.05,0.5230584745466493,0.8405940156359656,0.933974358974359
44,physics_lstm_aug,0.1,0.4643577867499421,0.9578332191913684,0.9076923076923076
44,lstm_only_aug,0.0,0.5138970860957558,1.049909993236514,0.8108974358974359
44,lstm_only_aug,0.01,0.514049509238169,1.0490947506578476,0.8134615384615385
44,lstm_only_aug,0.02,0.514331708626652,1.0490775010072344,0.8153846153846153
44,lstm_only_aug,0.05,0.5156505260287876,1.0392552906508623,0.825
44,lstm_only_aug,0.1,0.5138063569962399,1.056775912117018,0.8141025641025641
44,transformer,0.0,0.5485020456151597,0.8486492287234998,0.9378205128205128
44,transformer,0.01,0.5460307827887239,0.8604272075679511,0.926923076923077
44,transformer,0.02,0.5418959980779057,0.8777078538269395,0.9211538461538462
44,transformer,0.05,0.524229924851471,0.9669958542242048,0.8833333333333333
44,transformer,0.1,0.4720406467329188,1.1469483755866097,0.7615384615384615
44,transformer_aug,0.0,0.5486067439905584,0.8657023497526014,0.942948717948718
44,transformer_aug,0.01,0.5479807571729493,0.866811365607365,0.9365384615384617
44,transformer_aug,0.02,0.5469199252842294,0.8697675645690197,0.9333333333333332
44,transformer_aug,0.05,0.5405564459194768,0.8977746967134866,0.908974358974359
44,transformer_aug,0.1,0.5148181233594737,1.0352020484488382,0.8307692307692308
