estimator,sigma,seed,r2
ols_log,0.0,42,0.6421401436148502
ols_log,0.0,43,0.7110845374957078
ols_log,0.0,44,0.8530364010859472
wls_log,0.0,42,0.5925532772160379
wls_log,0.0,43,0.6677981228242897
wls_log,0.0,44,0.8256963435608169
exp_fit,0.0,42,0.5942492361362741
exp_fit,0.0,43,0.6692161864503179
exp_fit,0.0,44,0.8268420008217303
ssa_ols,0.0,42,0.6266781606282867
ssa_ols,0.0,43,0.6969737713432804
ssa_ols,0.0,44,0.8460976230590087
holt,0.0,42,0.7501652289328994
holt,0.0,43,0.8363290776546176
holt,0.0,44,0.9112110322444802
ols_log,0.01,42,0.7326205873873421
ols_log,0.01,43,0.6833264555554629
ols_log,0.01,44,0.8540448872782214
wls_log,0.01,42,0.6646558204104607
wls_log,0.01,43,0.6299171000389465
wls_log,0.01,44,0.8254466571373904
exp_fit,0.01,42,0.6851083074837561
exp_fit,0.01,43,0.6402088383878555
exp_fit,0.01,44,0.8284700726897796
ssa_ols,0.01,42,0.6506880184456503
ssa_ols,0.01,43,0.6737899516342551
ssa_ols,0.01,44,0.8466833561975944
holt,0.01,42,0.1489047152025178
holt,0.01,43,0.7455060570103578
holt,0.01,44,0.9069739157737065
ols_log,0.02,42,0.7031277440328945
ols_log,0.02,43,0.6178412409326941
ols_log,0.02,44,0.8563710782061205
wls_log,0.02,42,0.6176590184620034
wls_log,0.02,43,0.504720075644882
wls_log,0.02,44,0.818978027056871
exp_fit,0.02,42,0.6831283655983513
exp_fit,0.02,43,0.5874512577165076
exp_fit,0.02,44,0.8288687356947889
ssa_ols,0.02,42,0.5817527127474507
ssa_ols,0.02,43,0.6128372849786594
ssa_ols,0.02,44,0.8460318730435624
holt,0.02,42,-0.6135708829958653
holt,0.02,43,-0.6664220951304618
holt,0.02,44,0.8545282269624109
ols_log,0.05,42,0.41459260773270645
ols_log,0.05,43,-0.6791615462584004
ols_log,0.05,44,0.8357538141562735
wls_log,0.05,42,-0.11282145618373751
wls_log,0.05,43,-1.3907376902049635
wls_log,0.05,44,0.6666707090342957
exp_fit,0.05,42,0.252077102393222
exp_fit,0.05,43,-0.37081792212612563
exp_fit,0.05,44,0.7881426803742255
ssa_ols,0.05,42,0.1655051222163122
ssa_ols,0.05,43,-0.3613930063431734
ssa_ols,0.05,44,0.7984598464434003
holt,0.05,42,-3.01790031132637
holt,0.05,43,-4.7399668903112
holt,0.05,44,-0.5911009635353643
ols_log,0.1,42,-1.1937387633589784
ols_log,0.1,43,-1.4394163774994277
ols_log,0.1,44,0.4755845346486567
wls_log,0.1,42,-1.693057401219984
wls_log,0.1,43,-2.794536845729061
wls_log,0.1,44,-1.0277674944740576
exp_fit,0.1,42,-0.276536306173526
exp_fit,0.1,43,-1.36008897420056
exp_fit,0.1,44,0.329577854125644
ssa_ols,0.1,42,-0.31098838031418796
ssa_ols,0.1,43,-1.374707446514953
ssa_ols,0.1,44,0.3029261340206745
holt,0.1,42,-11.368816312062139
holt,0.1,43,-9.218234324599706
holt,0.1,44,-2.9335209420092276
