seed,scenario,model,n_traj,on_time,early,missed,median_lead,median_alarm_p,median_first_p
42,B,physics_only,200,0.855,0.135,0.01,1.235100269317627,0.7630448566158682,0.3537819361674461
42,B,stretched_exp,200,0.93,0.005,0.065,0.803290843963623,0.8277647119646043,0.3537819361674461
42,B,lstm_only,200,0.825,0.13,0.045,1.3187189102172852,0.7487450414745495,0.3537819361674461
42,B,physics_lstm,200,0.935,0.05,0.015,1.0314512252807615,0.7985346311629306,0.3537819361674461
42,B,transformer,200,0.92,0.045,0.035,1.0408198833465576,0.7909425476134023,0.3537819361674461
42,C,physics_only,200,1.0,0.0,0.0,1.0135250091552734,0.7792554585680223,0.422075909513504
42,C,stretched_exp,200,0.995,0.0,0.005,0.7200510501861572,0.8242948061067827,0.422075909513504
42,C,lstm_only,200,0.93,0.0,0.07,0.9665714502334596,0.7938742619252606,0.422075909513504
42,C,physics_lstm,200,1.0,0.0,0.0,0.9318301677703856,0.7948244133264284,0.422075909513504
42,C,transformer,200,0.915,0.0,0.085,0.9298100471496582,0.7857333357395271,0.422075909513504
43,B,physics_only,200,0.775,0.195,0.03,1.3017792701721191,0.762548934457214,0.3126044127674129
43,B,stretched_exp,200,0.91,0.02,0.07,0.8122817277908325,0.8581793444894334,0.3126044127674129
43,B,lstm_only,200,0.895,0.085,0.02,1.1029698848724363,0.7756932647399546,0.3126044127674129
43,B,physics_lstm,200,0.94,0.03,0.03,0.9768877029418944,0.8331307976797302,0.3126044127674129
43,B,transformer,200,0.935,0.06,0.005,1.013838529586792,0.8280663261087644,0.3126044127674129
43,C,physics_only,200,1.0,0.0,0.0,1.0534999370574951,0.7828766287260381,0.3791717853683563
43,C,stretched_exp,200,0.995,0.0,0.005,0.6998107433319092,0.853832854913902,0.3791717853683563
43,C,lstm_only,200,0.955,0.005,0.04,1.030977725982666,0.7786770597504032,0.3791717853683563
43,C,physics_lstm,200,1.0,0.0,0.0,0.9569791555404664,0.8086280471186087,0.3791717853683563
43,C,transformer,200,0.965,0.0,0.035,0.8633480072021484,0.8186487956498986,0.3791717853683563
44,B,physics_only,200,0.84,0.155,0.005,1.2135472297668457,0.7667992319034832,0.3252856460161524
44,B,stretched_exp,200,0.915,0.005,0.08,0.8173556327819824,0.8494146354269356,0.3252856460161524
44,B,lstm_only,200,0.695,0.08,0.225,1.2263412475585938,0.7743980479346082,0.3252856460161524
44,B,physics_lstm,200,0.975,0.015,0.01,0.9987736940383912,0.8129992441786695,0.3252856460161524
44,B,transformer,200,0.885,0.025,0.09,0.8993304967880249,0.8135592163979687,0.3252856460161524
44,C,physics_only,200,1.0,0.0,0.0,1.0395070314407349,0.7799944218166807,0.4093660388731049
44,C,stretched_exp,200,0.975,0.0,0.025,0.7460846900939941,0.8169265536366278,0.4093660388731049
44,C,lstm_only,200,0.98,0.02,0.0,1.1096570491790771,0.7648535723785477,0.4093660388731049
44,C,physics_lstm,200,1.0,0.0,0.0,0.9496270418167114,0.8027241458821134,0.4093660388731049
44,C,transformer,200,0.995,0.005,0.0,0.9394134283065796,0.808885306930619,0.4093660388731049
