seed,scenario,model,p_lo,p_hi,n_windows,median_rel_err,frac_within_10pct
42,B,physics_only,0.0,0.4,1295,0.4038881685665038,0.0903474903474903
42,B,physics_only,0.4,0.5,943,0.1801223320520122,0.2449628844114528
42,B,physics_only,0.5,0.6,1032,0.0763373835170296,0.6453488372093024
42,B,physics_only,0.6,0.7,1108,0.0217970485647674,0.9810469314079422
42,B,physics_only,0.7,0.8,1171,0.0503440027852906,0.7113578138343296
42,B,physics_only,0.8,0.9,1183,0.1030621720620613,0.463229078613694
42,B,physics_only,0.9,1.0,1179,0.0362777032716004,0.986429177268872
42,B,stretched_exp,0.0,0.4,1295,0.146120481498634,0.3150579150579151
42,B,stretched_exp,0.4,0.5,943,0.0650354687923753,0.711558854718982
42,B,stretched_exp,0.5,0.6,1032,0.046008554693208,0.9563953488372092
42,B,stretched_exp,0.6,0.7,1108,0.0411781008779052,0.9855595667870036
42,B,stretched_exp,0.7,0.8,1171,0.0415703303805904,0.981212638770282
42,B,stretched_exp,0.8,0.9,1183,0.0458449399574186,0.9315300084530854
42,B,stretched_exp,0.9,1.0,1179,0.0462787954860806,0.8456318914334181
42,B,lstm_only,0.0,0.4,1295,0.1288439231033361,0.3691119691119691
42,B,lstm_only,0.4,0.5,943,0.0927455571994834,0.5365853658536586
42,B,lstm_only,0.5,0.6,1032,0.0983115366619447,0.5067829457364341
42,B,lstm_only,0.6,0.7,1108,0.0838369596874485,0.5685920577617328
42,B,lstm_only,0.7,0.8,1171,0.0810316151545802,0.6353543979504697
42,B,lstm_only,0.8,0.9,1183,0.0473776273401002,0.8233305156382079
42,B,lstm_only,0.9,1.0,1179,0.0571898701413355,0.7446988973706531
42,B,physics_lstm,0.0,0.4,1295,0.0955907335034553,0.5111969111969112
42,B,physics_lstm,0.4,0.5,943,0.0510905837561048,0.7688229056203606
42,B,physics_lstm,0.5,0.6,1032,0.0328228225088544,0.8817829457364341
42,B,physics_lstm,0.6,0.7,1108,0.0239406241468244,0.9332129963898916
42,B,physics_lstm,0.7,0.8,1171,0.0390688143079694,0.8906917164816396
42,B,physics_lstm,0.8,0.9,1183,0.0397815759634525,0.9027895181741336
42,B,physics_lstm,0.9,1.0,1179,0.0287268444531267,0.9270568278201866
42,B,transformer,0.0,0.4,1295,0.1069842988814649,0.4756756756756757
42,B,transformer,0.4,0.5,943,0.1103592577699978,0.4676564156945917
42,B,transformer,0.5,0.6,1032,0.1004038731383761,0.4970930232558139
42,B,transformer,0.6,0.7,1108,0.0664398539951791,0.6859205776173285
42,B,transformer,0.7,0.8,1171,0.0448808849899392,0.7873612297181896
42,B,transformer,0.8,0.9,1183,0.0469711620725463,0.8377007607776839
42,B,transformer,0.9,1.0,1179,0.026437359813468,0.8329092451229856
42,C,physics_only,0.0,0.4,597,0.1246389692038808,0.3802345058626465
42,C,physics_only,0.4,0.5,680,0.0863664981495851,0.5941176470588235
42,C,physics_only,0.5,0.6,791,0.0467141223337282,0.9506953223767384
42,C,physics_only,0.6,0.7,889,0.0130819861470184,1.0
42,C,physics_only,0.7,0.8,955,0.011569961531599,1.0
42,C,physics_only,0.8,0.9,976,0.037732392605331,0.9149590163934426
42,C,physics_only,0.9,1.0,975,0.0270990718214359,0.9989743589743588
42,C,stretched_exp,0.0,0.4,597,0.0808800846719124,0.6817420435510888
42,C,stretched_exp,0.4,0.5,680,0.0534297391633396,0.9602941176470589
42,C,stretched_exp,0.5,0.6,791,0.041762576834681,1.0
42,C,stretched_exp,0.6,0.7,889,0.0391011033739985,1.0
42,C,stretched_exp,0.7,0.8,955,0.0419929262329595,1.0
42,C,stretched_exp,0.8,0.9,976,0.0463330254819788,0.9784836065573772
42,C,stretched_exp,0.9,1.0,975,0.0503031435914613,0.8584615384615385
42,C,lstm_only,0.0,0.4,597,0.1039884213223893,0.4723618090452261
42,C,lstm_only,0.4,0.5,680,0.0664901178347651,0.675
42,C,lstm_only,0.5,0.6,791,0.0491387176673976,0.7964601769911505
42,C,lstm_only,0.6,0.7,889,0.035848045455949,0.9156355455568054
42,C,lstm_only,0.7,0.8,955,0.0241377171130073,0.938219895287958
42,C,lstm_only,0.8,0.9,976,0.0244228739020874,0.8954918032786885
42,C,lstm_only,0.9,1.0,975,0.0227059736232137,0.8902564102564102
42,C,physics_lstm,0.0,0.4,597,0.0430688264593154,0.9112227805695142
42,C,physics_lstm,0.4,0.5,680,0.0250225499617781,0.9852941176470588
42,C,physics_lstm,0.5,0.6,791,0.0179241941741092,1.0
42,C,physics_lstm,0.6,0.7,889,0.0119384598227719,0.998875140607424
42,C,physics_lstm,0.7,0.8,955,0.0115549223391972,1.0
42,C,physics_lstm,0.8,0.9,976,0.0162887777717775,1.0
42,C,physics_lstm,0.9,1.0,975,0.0157556589309785,0.9928205128205128
42,C,transformer,0.0,0.4,597,0.0508857962163039,0.8090452261306532
42,C,transformer,0.4,0.5,680,0.0359180800156843,0.8823529411764706
42,C,transformer,0.5,0.6,791,0.0249926407273632,0.8975979772439949
42,C,transformer,0.6,0.7,889,0.0218996419585577,0.8920134983127109
42,C,transformer,0.7,0.8,955,0.020638745904822,0.8827225130890053
42,C,transformer,0.8,0.9,976,0.0215699153897174,0.8780737704918032
42,C,transformer,0.9,1.0,975,0.0234091937760934,0.8676923076923077
43,B,physics_only,0.0,0.4,1529,0.3981870289472878,0.05297580117724
43,B,physics_only,0.4,0.5,1014,0.169858415284404,0.2209072978303747
43,B,physics_only,0.5,0.6,1096,0.0708937113698111,0.6587591240875912
43,B,physics_only,0.6,0.7,1180,0.0261569694694279,0.9542372881355932
43,B,physics_only,0.7,0.8,1234,0.0699247096594311,0.6474878444084279
43,B,physics_only,0.8,0.9,1243,0.1122048581158465,0.3829444891391794
43,B,physics_only,0.9,1.0,1241,0.041409556070237,0.9564867042707494
43,B,stretched_exp,0.0,0.4,1529,0.1406778135954084,0.3361674296926095
43,B,stretched_exp,0.4,0.5,1014,0.0620673342077851,0.7071005917159763
43,B,stretched_exp,0.5,0.6,1096,0.0426879628167445,0.927007299270073
43,B,stretched_exp,0.6,0.7,1180,0.0400897197713113,0.9533898305084746
43,B,stretched_exp,0.7,0.8,1234,0.0400708358623726,0.940032414910859
43,B,stretched_exp,0.8,0.9,1243,0.0443803086347243,0.913113435237329
43,B,stretched_exp,0.9,1.0,1241,0.0442984697622896,0.8581788879935536
43,B,lstm_only,0.0,0.4,1529,0.1245902204287921,0.3832570307390451
43,B,lstm_only,0.4,0.5,1014,0.0807010024365891,0.5571992110453649
43,B,lstm_only,0.5,0.6,1096,0.0716278429687404,0.6259124087591241
43,B,lstm_only,0.6,0.7,1180,0.0557682684217518,0.7177966101694915
43,B,lstm_only,0.7,0.8,1234,0.0575556408311049,0.7990275526742301
43,B,lstm_only,0.8,0.9,1243,0.0366332892814378,0.8889782783588094
43,B,lstm_only,0.9,1.0,1241,0.0502800615545125,0.797743755036261
43,B,physics_lstm,0.0,0.4,1529,0.072106179645983,0.6487900588620014
43,B,physics_lstm,0.4,0.5,1014,0.0464186295118712,0.8076923076923077
43,B,physics_lstm,0.5,0.6,1096,0.0377768852126707,0.8959854014598541
43,B,physics_lstm,0.6,0.7,1180,0.0339853875731924,0.928813559322034
43,B,physics_lstm,0.7,0.8,1234,0.034139624005298,0.9351701782820098
43,B,physics_lstm,0.8,0.9,1243,0.0274396068241407,0.9203539823008848
43,B,physics_lstm,0.9,1.0,1241,0.0294742420324606,0.871071716357776
43,B,transformer,0.0,0.4,1529,0.0741672459694472,0.5984303466317855
43,B,transformer,0.4,0.5,1014,0.067199158922782,0.6538461538461539
43,B,transformer,0.5,0.6,1096,0.0706675271123749,0.6459854014598541
43,B,transformer,0.6,0.7,1180,0.0573180826632911,0.7423728813559322
43,B,transformer,0.7,0.8,1234,0.0417679393216683,0.8233387358184765
43,B,transformer,0.8,0.9,1243,0.0265583265588722,0.9066773934030572
43,B,transformer,0.9,1.0,1241,0.0264682840737619,0.8863819500402901
43,C,physics_only,0.0,0.4,681,0.1279449055492002,0.3215859030837004
43,C,physics_only,0.4,0.5,742,0.0873737030475725,0.5929919137466307
43,C,physics_only,0.5,0.6,821,0.0445541347126728,0.9378806333739342
43,C,physics_only,0.6,0.7,919,0.0128638882141605,1.0
43,C,physics_only,0.7,0.8,990,0.0158404047752494,1.0
43,C,physics_only,0.8,0.9,1012,0.0440903482101643,0.9130434782608696
43,C,physics_only,0.9,1.0,1003,0.0311638845910681,1.0
43,C,stretched_exp,0.0,0.4,681,0.0805215810937717,0.7004405286343612
43,C,stretched_exp,0.4,0.5,742,0.0519682372937262,0.9555256064690026
43,C,stretched_exp,0.5,0.6,821,0.0403215872725726,0.9987819732034104
43,C,stretched_exp,0.6,0.7,919,0.0387026106284625,1.0
43,C,stretched_exp,0.7,0.8,990,0.0406772089099255,1.0
43,C,stretched_exp,0.8,0.9,1012,0.0451662318074399,0.974308300395257
43,C,stretched_exp,0.9,1.0,1003,0.0503235255064817,0.8544366899302094
43,C,lstm_only,0.0,0.4,681,0.1474677666995915,0.2511013215859031
43,C,lstm_only,0.4,0.5,742,0.0664314672816875,0.761455525606469
43,C,lstm_only,0.5,0.6,821,0.057538112798389,0.781973203410475
43,C,lstm_only,0.6,0.7,919,0.0690877781300652,0.6648531011969532
43,C,lstm_only,0.7,0.8,990,0.0717409223285589,0.7585858585858586
43,C,lstm_only,0.8,0.9,1012,0.0267210883161876,0.951581027667984
43,C,lstm_only,0.9,1.0,1003,0.0732434141372232,0.7417746759720838
43,C,physics_lstm,0.0,0.4,681,0.0418362606213671,0.9060205580029368
43,C,physics_lstm,0.4,0.5,742,0.0302756118275321,0.9663072776280324
43,C,physics_lstm,0.5,0.6,821,0.0188688351776993,0.9939098660170524
43,C,physics_lstm,0.6,0.7,919,0.0154797634912513,1.0
43,C,physics_lstm,0.7,0.8,990,0.0153006192160485,1.0
43,C,physics_lstm,0.8,0.9,1012,0.0256982820846194,1.0
43,C,physics_lstm,0.9,1.0,1003,0.0263476357059358,0.9990029910269193
43,C,transformer,0.0,0.4,681,0.0596293137350764,0.7386196769456681
43,C,transformer,0.4,0.5,742,0.0508069312581521,0.7196765498652291
43,C,transformer,0.5,0.6,821,0.0507356267675095,0.8221680876979294
43,C,transformer,0.6,0.7,919,0.0374178069538263,0.8857453754080522
43,C,transformer,0.7,0.8,990,0.0291098181697843,0.907070707070707
43,C,transformer,0.8,0.9,1012,0.0271614856737517,0.9268774703557312
43,C,transformer,0.9,1.0,1003,0.0284196573874419,0.9122632103688934
44,B,physics_only,0.0,0.4,1404,0.3337414025714617,0.0662393162393162
44,B,physics_only,0.4,0.5,984,0.165391572188602,0.2652439024390244
44,B,physics_only,0.5,0.6,1068,0.0618286402784025,0.7031835205992509
44,B,physics_only,0.6,0.7,1119,0.0251563805651149,0.968722073279714
44,B,physics_only,0.7,0.8,1190,0.0596617406994233,0.7100840336134454
44,B,physics_only,0.8,0.9,1217,0.1070846475152888,0.428923582580115
44,B,physics_only,0.9,1.0,1204,0.0349811509641198,0.9867109634551496
44,B,stretched_exp,0.0,0.4,1404,0.1326302684835454,0.3618233618233618
44,B,stretched_exp,0.4,0.5,984,0.0583308537648363,0.7479674796747967
44,B,stretched_exp,0.5,0.6,1068,0.0402919047981334,0.950374531835206
44,B,stretched_exp,0.6,0.7,1119,0.0365119132402526,0.9830205540661304
44,B,stretched_exp,0.7,0.8,1190,0.0374572180636069,0.9857142857142858
44,B,stretched_exp,0.8,0.9,1217,0.0408264424484384,0.933442892358258
44,B,stretched_exp,0.9,1.0,1204,0.0449951348499614,0.8073089700996677
44,B,lstm_only,0.0,0.4,1404,0.1126628354936997,0.4394586894586894
44,B,lstm_only,0.4,0.5,984,0.093225100021956,0.5203252032520326
44,B,lstm_only,0.5,0.6,1068,0.0769646587908166,0.6095505617977528
44,B,lstm_only,0.6,0.7,1119,0.0720823701081167,0.6210902591599643
44,B,lstm_only,0.7,0.8,1190,0.0769752704498852,0.6210084033613446
44,B,lstm_only,0.8,0.9,1217,0.0449409476097639,0.8019720624486442
44,B,lstm_only,0.9,1.0,1204,0.0894284508100985,0.5506644518272426
44,B,physics_lstm,0.0,0.4,1404,0.0772852036772297,0.6096866096866097
44,B,physics_lstm,0.4,0.5,984,0.0477694699082317,0.8373983739837398
44,B,physics_lstm,0.5,0.6,1068,0.0336928562701734,0.9353932584269664
44,B,physics_lstm,0.6,0.7,1119,0.0266042130924662,0.966934763181412
44,B,physics_lstm,0.7,0.8,1190,0.0306154033410526,0.953781512605042
44,B,physics_lstm,0.8,0.9,1217,0.0306379551932908,0.9465899753492194
44,B,physics_lstm,0.9,1.0,1204,0.0249534319121447,0.9244186046511628
44,B,transformer,0.0,0.4,1404,0.0925033035103191,0.5334757834757835
44,B,transformer,0.4,0.5,984,0.0710685071150586,0.6432926829268293
44,B,transformer,0.5,0.6,1068,0.0595804872014073,0.7275280898876404
44,B,transformer,0.6,0.7,1119,0.0460778043222144,0.840929401251117
44,B,transformer,0.7,0.8,1190,0.0316190081952107,0.9025210084033614
44,B,transformer,0.8,0.9,1217,0.0248444997323011,0.8816762530813476
44,B,transformer,0.9,1.0,1204,0.0263943723240042,0.8056478405315615
44,C,physics_only,0.0,0.4,657,0.1358874414966767,0.3318112633181126
44,C,physics_only,0.4,0.5,702,0.0871087346004496,0.5883190883190883
44,C,physics_only,0.5,0.6,826,0.0471456108152395,0.9249394673123488
44,C,physics_only,0.6,0.7,920,0.0151438117999388,1.0
44,C,physics_only,0.7,0.8,980,0.013875633147588,1.0
44,C,physics_only,0.8,0.9,1008,0.0387181504110964,0.9027777777777778
44,C,physics_only,0.9,1.0,997,0.0296612830062611,1.0
44,C,stretched_exp,0.0,0.4,657,0.0849780755918351,0.634703196347032
44,C,stretched_exp,0.4,0.5,702,0.0526680399595064,0.9472934472934472
44,C,stretched_exp,0.5,0.6,826,0.0404025316889297,0.9987893462469734
44,C,stretched_exp,0.6,0.7,920,0.0389716936393202,1.0
44,C,stretched_exp,0.7,0.8,980,0.0422081907770038,1.0
44,C,stretched_exp,0.8,0.9,1008,0.0463782074029988,0.9623015873015872
44,C,stretched_exp,0.9,1.0,997,0.0486753996760974,0.8164493480441324
44,C,lstm_only,0.0,0.4,657,0.123931562432935,0.3592085235920852
44,C,lstm_only,0.4,0.5,702,0.0933884382572032,0.51994301994302
44,C,lstm_only,0.5,0.6,826,0.0811562197530863,0.6016949152542372
44,C,lstm_only,0.6,0.7,920,0.0657799222881629,0.683695652173913
44,C,lstm_only,0.7,0.8,980,0.0765883886902341,0.6806122448979591
44,C,lstm_only,0.8,0.9,1008,0.0370598605085018,0.933531746031746
44,C,lstm_only,0.9,1.0,997,0.0332839448763408,0.933801404212638
44,C,physics_lstm,0.0,0.4,657,0.0428105312406895,0.9117199391171994
44,C,physics_lstm,0.4,0.5,702,0.0291931065290553,0.99002849002849
44,C,physics_lstm,0.5,0.6,826,0.017929985357747,0.9975786924939468
44,C,physics_lstm,0.6,0.7,920,0.0158475303264712,1.0
44,C,physics_lstm,0.7,0.8,980,0.0133213860643166,1.0
44,C,physics_lstm,0.8,0.9,1008,0.0199400495757193,1.0
44,C,physics_lstm,0.9,1.0,997,0.020529917136863,0.9969909729187564
44,C,transformer,0.0,0.4,657,0.0528921376198857,0.7321156773211568
44,C,transformer,0.4,0.5,702,0.0532433012154131,0.7792022792022792
44,C,transformer,0.5,0.6,826,0.0429187701363862,0.8692493946731235
44,C,transformer,0.6,0.7,920,0.02967852969612,0.9260869565217392
44,C,transformer,0.7,0.8,980,0.0294148092059811,0.9438775510204082
44,C,transformer,0.8,0.9,1008,0.0316796364599094,0.9831349206349206
44,C,transformer,0.9,1.0,997,0.0199658593600976,0.9889669007021064
