method,window_fraction,mae,rmse,r2,auroc,seed
direct_physics_lstm,0.1,0.2337644698178342,0.2874880172039879,0.9458895199822636,0.9943019943019944,42
inverse_gamma_reconstruct,0.1,1.5908582745220172,1.8121633279761415,-1.1499906265997812,,42
direct_physics_lstm,0.15,0.2344807569345073,0.3173815138543766,0.9340514659608944,0.9945054945054944,42
inverse_gamma_reconstruct,0.15,1.3679069146446785,1.6235440756721746,-0.7257189099823682,,42
direct_physics_lstm,0.2,0.2290683868069754,0.317678139548361,0.933928136969208,0.9921875,42
inverse_gamma_reconstruct,0.2,1.4955082767159422,1.7314576407455042,-0.962752928032204,,42
direct_physics_lstm,0.3,0.1705626734449701,0.2193128549367216,0.9685101879635968,1.0,42
inverse_gamma_reconstruct,0.3,1.3434542040119857,1.6619382137081038,-0.8083048171870142,,42
direct_physics_lstm,0.5,0.1633701342183694,0.2218213467265626,0.9388438211779332,0.985,42
inverse_gamma_reconstruct,0.5,1.4600477376613106,1.718606071280016,-2.671016613221247,,42
direct_physics_lstm,0.1,0.2992166823798678,0.4210044447521377,0.972298103772957,0.992831541218638,43
inverse_gamma_reconstruct,0.1,2.459624116152879,2.8064006573686706,-0.2309360276809198,,43
direct_physics_lstm,0.15,0.2702125586856017,0.3994706895443728,0.9750594529771304,0.9905956112852664,43
inverse_gamma_reconstruct,0.15,2.6081659224923532,2.961550321803134,-0.3708008627495018,,43
direct_physics_lstm,0.2,0.2905165726919797,0.4084816698993721,0.9739215796097216,0.9968652037617556,43
inverse_gamma_reconstruct,0.2,2.243677157687001,2.644187805019756,-0.0927497909298797,,43
direct_physics_lstm,0.3,0.253904604140742,0.3447535464195433,0.981423939323574,0.9824561403508772,43
inverse_gamma_reconstruct,0.3,2.3254024906297666,2.6038446342859625,-0.0596593407752124,,43
direct_physics_lstm,0.5,0.2915400882697811,0.4338656338978857,0.9427937045322672,0.9659090909090908,43
inverse_gamma_reconstruct,0.5,2.961551428071216,3.377063381509066,-2.4658658218282747,,43
direct_physics_lstm,0.1,0.3468555531548402,0.4911818001861706,0.9456096178942188,0.989247311827957,44
inverse_gamma_reconstruct,0.1,1.989130906593718,2.4612921823594447,-0.3657270821007607,,44
direct_physics_lstm,0.15,0.3217265058336182,0.4539550108120622,0.9535417116220912,0.982078853046595,44
inverse_gamma_reconstruct,0.15,2.1425154293539976,2.481064063870124,-0.3877573420806304,,44
direct_physics_lstm,0.2,0.3143556331852645,0.4402392133797058,0.956306682106656,1.0,44
inverse_gamma_reconstruct,0.2,2.083438574991182,2.3792364591550537,-0.276182513472347,,44
direct_physics_lstm,0.3,0.2791959310900785,0.4185246581004445,0.9605106779836972,0.9943019943019944,44
inverse_gamma_reconstruct,0.3,2.2176934680218396,2.6889177112206557,-0.6300187511190647,,44
direct_physics_lstm,0.5,0.23956180691014,0.3256313750957231,0.9738416247128524,1.0,44
inverse_gamma_reconstruct,0.5,2.579117251076424,3.1288929811811124,-1.4151254692824549,,44
