seed,target,J,r2,mae,auroc,n_samples
42,computational,0.2,0.4843540890165605,0.7686721819899807,0.9027777777777778,84
42,computational,0.5,0.8033454123005387,0.48120790999219104,0.9604205318491033,82
42,computational,0.8,0.8160218863298168,0.38511190735295986,0.9223173140223832,80
42,computational,1.0,0.6759229874157504,0.5910665144179619,0.92,77
42,computational,1.2,0.8421088092608129,0.5222762167207278,0.9627118644067796,89
42,computational,1.5,0.7458431595818373,0.5124592589709109,0.8549323017408124,80
42,computational,2.0,0.7621649760393309,0.6516411370144735,0.9221813725490196,83
43,computational,0.2,0.6964786423307916,0.5888355026529498,0.9435897435897436,79
43,computational,0.5,0.8169746608831903,0.473124076845819,0.8735177865612648,79
43,computational,0.8,0.6973593744967155,0.5138903835134248,0.8914141414141414,80
43,computational,1.0,0.8417741286635011,0.4211745547949889,0.9453488372093022,83
43,computational,1.2,0.8410133670486204,0.4610134804953546,0.9857142857142857,73
43,computational,1.5,0.7960592502114097,0.3625887444181749,0.9330065359477124,70
43,computational,2.0,0.8635734388314813,0.4106468064523836,0.9376731301939059,76
44,computational,0.2,0.8136253554461488,0.5677351594014081,0.9495073891625615,85
44,computational,0.5,0.9075435567236096,0.3539486321677191,0.978723404255319,89
44,computational,0.8,0.06322562020175615,0.6354662902756869,0.8411522633744857,72
44,computational,1.0,0.8396826575009186,0.4155963026336445,0.9886702444841979,82
44,computational,1.2,0.6967834136987647,0.43969687598948615,0.9436046511627907,83
44,computational,1.5,0.7233696449287832,0.6894416302737045,0.9052706552706553,80
44,computational,2.0,0.8753840933573646,0.4441180579037295,0.9415584415584416,83
42,energy,0.2,0.7371074974830689,0.430704992024161,0.9652777777777779,81
42,energy,0.5,0.889870804445669,0.44771219402485646,0.9784126984126984,80
42,energy,0.8,0.8857213856024009,0.3609799911701767,0.93359375,80
42,energy,1.0,0.8741634369147373,0.38431113174691683,0.9257703081232492,79
42,energy,1.2,0.7810818979787686,0.6501179053006942,0.9626690182245737,90
42,energy,1.5,0.8627782608536367,0.39644467922020266,0.9206349206349207,80
42,energy,2.0,0.8650088551689354,0.5031336289273818,0.9293706293706294,81
43,energy,0.2,0.7807207372167747,0.5205429224986909,0.9534722222222223,76
43,energy,0.5,0.9189721747621756,0.30198833258475916,0.9719387755102041,70
43,energy,0.8,0.8609686302425652,0.4077061249182075,0.9569083447332422,77
43,energy,1.0,0.9260276548027009,0.32656713430791806,0.9428911362284355,82
43,energy,1.2,0.8768369057154071,0.3349011392283901,0.9896103896103896,68
43,energy,1.5,0.8289233454027196,0.36504077672713686,0.9673202614379084,70
43,energy,2.0,0.9719425946508613,0.20364708786772207,1.0,75
44,energy,0.2,0.8269118958080559,0.553470599206715,0.9355281207133059,81
44,energy,0.5,0.74492066198757,0.5646963636989598,0.9860012172854534,84
44,energy,0.8,0.37629659014381556,0.5104054021065266,0.9529724933451641,72
44,energy,1.0,0.821344727328235,0.4319813607200071,0.964572192513369,78
44,energy,1.2,0.8134733105846464,0.3301497807225024,0.9583333333333333,82
44,energy,1.5,0.8563249634472945,0.4756148893674275,0.9458128078817734,78
44,energy,2.0,0.8555110706068927,0.43240993887250506,0.9206666666666667,80
