seed,arm,test,sigma,phi,s,tau,r2,mae,auroc,n_samples
42,physics_only,noise,0.0,0.0,,,0.642140080901886,0.5512835120006535,0.9534368070953436,74
42,physics_only,noise,0.02,0.0,,,0.2625367199241363,0.6713359345060592,0.9482631189948263,74
42,physics_only,noise,0.05,0.0,,,-0.837581059301213,1.150445667355487,0.9179600886917959,74
42,physics_only,noise,0.02,0.5,,,0.20588155225222327,0.7416739567929168,0.9356984478935698,74
42,physics_only,noise,0.05,0.5,,,-0.5807450140425929,1.1051109281542841,0.8610495195861049,74
42,physics_only,noise,0.02,0.9,,,0.5667090405639859,0.7092885327034988,0.8747228381374723,74
42,physics_only,noise,0.05,0.9,,,-0.7005877667581606,1.2744826219763887,0.7756836659275683,74
42,physics_only,gamma,,,0.0,0.5,0.3456801031695439,0.5524436957314521,0.9672617393720478,541
42,physics_only,gamma,,,0.3,0.5,0.19275441634393886,0.8293366711240343,0.9163223140495869,534
42,physics_only,gamma,,,0.6,0.5,0.03916525930032433,1.2238660891975275,0.8540242049278195,545
42,physics_only,gamma,,,0.3,2.0,0.3596252711488708,0.8575319496370406,0.9341306724986331,543
42,physics_only,gamma,,,0.6,2.0,-0.0958957971836627,1.7777124557623272,0.8454724409448819,550
42,lstm_only,noise,0.0,0.0,,,0.6852395006150831,0.6508374394210347,0.8699186991869918,74
42,lstm_only,noise,0.02,0.0,,,0.6739042993897254,0.6544297824284224,0.877309682187731,74
42,lstm_only,noise,0.05,0.0,,,0.671382280278384,0.65508414295644,0.9157427937915742,74
42,lstm_only,noise,0.02,0.5,,,0.6780464268950385,0.6462290892874446,0.9009608277900961,74
42,lstm_only,noise,0.05,0.5,,,0.6692592287638333,0.6624087913002465,0.9297856614929785,74
42,lstm_only,noise,0.02,0.9,,,0.6719905281694296,0.673836635001361,0.8943089430894309,74
42,lstm_only,noise,0.05,0.9,,,0.6569888801246169,0.6849367526544201,0.8795269770879527,74
42,lstm_only,gamma,,,0.0,0.5,0.6517710358110836,0.6849778489697855,0.8184078910808559,541
42,lstm_only,gamma,,,0.3,0.5,0.6495527668434217,0.7299547010817286,0.7863834484320164,534
42,lstm_only,gamma,,,0.6,0.5,0.5826495031620198,0.925920814007654,0.7698361011614023,545
42,lstm_only,gamma,,,0.3,2.0,0.6372477560947812,0.8152754029919878,0.7920174958993985,543
42,lstm_only,gamma,,,0.6,2.0,0.44429417385886605,1.2535863067162265,0.7364731857842093,550
42,physics_lstm,noise,0.0,0.0,,,0.9712292552948768,0.17817936680073387,0.9682187730968219,74
42,physics_lstm,noise,0.02,0.0,,,0.6725989170091935,0.4461015505730936,0.8370288248337028,74
42,physics_lstm,noise,0.05,0.0,,,0.19683632439924004,1.0716408579104775,0.663710273466371,74
42,physics_lstm,noise,0.02,0.5,,,0.6686236873425777,0.46916089719659154,0.8307464892830746,74
42,physics_lstm,noise,0.05,0.5,,,0.20899001425893626,1.0684978981818944,0.7110125646711012,74
42,physics_lstm,noise,0.02,0.9,,,0.6467630251954892,0.5571586413086514,0.8041389504804138,74
42,physics_lstm,noise,0.05,0.9,,,0.3930412267540382,0.9045653410667616,0.7339246119733925,74
42,physics_lstm,gamma,,,0.0,0.5,0.8904070959170788,0.23198881824344048,0.991511530980828,541
42,physics_lstm,gamma,,,0.3,0.5,0.8262031577196336,0.46356009520366925,0.9349456583267294,534
42,physics_lstm,gamma,,,0.6,0.5,0.6988685404775106,0.7713319415132658,0.8631824595680018,545
42,physics_lstm,gamma,,,0.3,2.0,0.7900028673364297,0.5587279177300088,0.9504647348277747,543
42,physics_lstm,gamma,,,0.6,2.0,0.561755313439952,1.0992575998570802,0.8635081932326026,550
42,physics_lstm_aug,noise,0.0,0.0,,,0.9573097404207291,0.2451385238890435,0.9586104951958611,74
42,physics_lstm_aug,noise,0.02,0.0,,,0.8963441904280265,0.31692515085588013,0.9652623798965263,74
42,physics_lstm_aug,noise,0.05,0.0,,,0.7433915718044626,0.5053257259669984,0.917220990391722,74
42,physics_lstm_aug,noise,0.02,0.5,,,0.8564610988768007,0.3727144512556318,0.9482631189948263,74
42,physics_lstm_aug,noise,0.05,0.5,,,0.6685783163070511,0.6007446007766372,0.8780487804878049,74
42,physics_lstm_aug,noise,0.02,0.9,,,0.7863458292113169,0.4667607941575873,0.9186991869918698,74
42,physics_lstm_aug,noise,0.05,0.9,,,0.5428274191916523,0.7660347169992094,0.80339985218034,74
42,physics_lstm_aug,gamma,,,0.0,0.5,0.877973879003741,0.29601700951132653,0.978257849402612,541
42,physics_lstm_aug,gamma,,,0.3,0.5,0.8315342327329467,0.46073668471097673,0.930898335786256,534
42,physics_lstm_aug,gamma,,,0.6,0.5,0.7100330625499409,0.7451062426060987,0.8740366872896994,545
42,physics_lstm_aug,gamma,,,0.3,2.0,0.8001390141071708,0.5260669739345714,0.9553854565336249,543
42,physics_lstm_aug,gamma,,,0.6,2.0,0.5775773914776959,1.0492987428341882,0.8776335390508619,550
42,transformer,noise,0.0,0.0,,,0.7867175029286798,0.41433714909140973,0.9896526237989652,74
42,transformer,noise,0.02,0.0,,,0.7778384984665992,0.4115348861439738,0.9963045084996305,74
42,transformer,noise,0.05,0.0,,,0.7473073404888415,0.46717530478339403,0.9881744271988174,74
42,transformer,noise,0.02,0.5,,,0.7686674222836616,0.42253492806648624,0.9933481152993349,74
42,transformer,noise,0.05,0.5,,,0.7180687677980555,0.5025600175929287,0.9615668883961568,74
42,transformer,noise,0.02,0.9,,,0.7466497007186027,0.47573399466996774,0.9704360679970435,74
42,transformer,noise,0.05,0.9,,,0.6357113004501905,0.637663904140339,0.894308943089431,74
42,transformer,gamma,,,0.0,0.5,0.806207328813158,0.4263290921282243,0.9279383161989441,541
42,transformer,gamma,,,0.3,0.5,0.7780831729217397,0.5424398592575203,0.8995669647911243,534
42,transformer,gamma,,,0.6,0.5,0.6968393729973241,0.7436962849366776,0.8852301096277,545
42,transformer,gamma,,,0.3,2.0,0.7534374924589231,0.6106740124119654,0.9206533624931658,543
42,transformer,gamma,,,0.6,2.0,0.5400998695320838,1.0399830810329451,0.8655964034901042,550
42,physics_lstm_sto,noise,0.0,0.0,,,0.898996159629014,0.4256749387736232,0.8869179600886918,74
42,physics_lstm_sto,noise,0.02,0.0,,,0.696538846446814,0.5784793184152491,0.8222468588322247,74
42,physics_lstm_sto,noise,0.05,0.0,,,0.41997597339826676,0.8610529963630948,0.672579453067258,74
42,physics_lstm_sto,noise,0.02,0.5,,,0.6456405604871618,0.6200049912117828,0.7997043606799705,74
42,physics_lstm_sto,noise,0.05,0.5,,,0.4044130094425459,0.8743090898436974,0.6504065040650406,74
42,physics_lstm_sto,noise,0.02,0.9,,,0.5872456124624942,0.6963519807498759,0.7782705099778271,74
42,physics_lstm_sto,noise,0.05,0.9,,,0.4254634211633458,0.9082570378705144,0.7028824833702884,74
42,physics_lstm_sto,gamma,,,0.0,0.5,0.8489690981008964,0.3885195583589659,0.9541400388996942,541
42,physics_lstm_sto,gamma,,,0.3,0.5,0.8086255817960973,0.5137123446708284,0.9152468017661044,534
42,physics_lstm_sto,gamma,,,0.6,0.5,0.6942319311064615,0.7851772505233595,0.8487192011288396,545
42,physics_lstm_sto,gamma,,,0.3,2.0,0.7747254999616011,0.6119126935729996,0.9253690541279388,543
42,physics_lstm_sto,gamma,,,0.6,2.0,0.560539145512368,1.1188804899484528,0.8498350712917642,550
42,transformer_sto,noise,0.0,0.0,,,0.7214214188029404,0.5959879967190495,0.852180339985218,74
42,transformer_sto,noise,0.02,0.0,,,0.7101943810627613,0.6005854970907931,0.8521803399852179,74
42,transformer_sto,noise,0.05,0.0,,,0.6827702273011425,0.6454142944538976,0.7997043606799705,74
42,transformer_sto,noise,0.02,0.5,,,0.702761438996709,0.6181928258920011,0.8588322246858833,74
42,transformer_sto,noise,0.05,0.5,,,0.6684835755737079,0.6786416558924901,0.7871396895787139,74
42,transformer_sto,noise,0.02,0.9,,,0.6906452503819962,0.6296368670395429,0.8455284552845528,74
42,transformer_sto,noise,0.05,0.9,,,0.644953066489786,0.683456518994016,0.8226164079822617,74
42,transformer_sto,gamma,,,0.0,0.5,0.6975818134194083,0.6106129803318667,0.8531258682967491,541
42,transformer_sto,gamma,,,0.3,0.5,0.6889218308116654,0.6816251844192971,0.8229225631155892,534
42,transformer_sto,gamma,,,0.6,0.5,0.6176815317217663,0.876995594145285,0.7951400195376099,545
42,transformer_sto,gamma,,,0.3,2.0,0.6716295652899373,0.7612553963627061,0.8314516129032258,543
42,transformer_sto,gamma,,,0.6,2.0,0.49909881949252066,1.126199393591776,0.8231139604171102,550
43,physics_only,noise,0.0,0.0,,,0.7110845516776048,0.5566852715048282,0.9276315789473684,68
43,physics_only,noise,0.02,0.0,,,0.6408318730583065,0.6781497318038656,0.9087719298245615,68
43,physics_only,noise,0.05,0.0,,,-0.24965608237511105,1.0221634777640929,0.8921052631578948,68
43,physics_only,noise,0.02,0.5,,,0.626866963085811,0.7040254467218975,0.8850877192982456,68
43,physics_only,noise,0.05,0.5,,,-0.36241355862088476,1.0893130305004828,0.8723684210526316,68
43,physics_only,noise,0.02,0.9,,,0.5146266505899657,0.7999046171330534,0.881578947368421,68
43,physics_only,noise,0.05,0.9,,,-1.3313337259454188,1.5924434819445015,0.8407894736842105,68
43,physics_only,gamma,,,0.0,0.5,0.49423565855817364,0.44764435987928397,0.9727475251670826,490
43,physics_only,gamma,,,0.3,0.5,0.04652709696059765,0.7957419020817786,0.9185717911836873,488
43,physics_only,gamma,,,0.6,0.5,-0.8619784035298654,1.4354329900952956,0.8563006154842889,497
43,physics_only,gamma,,,0.3,2.0,0.20128625320360038,0.9119592726049074,0.9017503978176858,514
43,physics_only,gamma,,,0.6,2.0,-0.5754204534079981,1.9823846169439494,0.8291658856607309,566
43,lstm_only,noise,0.0,0.0,,,0.8609829709752885,0.5212425201934009,0.8859649122807017,68
43,lstm_only,noise,0.02,0.0,,,0.8615514046200502,0.5204417729422905,0.9026315789473685,68
43,lstm_only,noise,0.05,0.0,,,0.8224872356576962,0.6358358861988458,0.8868421052631579,68
43,lstm_only,noise,0.02,0.5,,,0.8573910911167211,0.5292199048830534,0.8833333333333333,68
43,lstm_only,noise,0.05,0.5,,,0.8107582152137442,0.6288074402961563,0.8517543859649123,68
43,lstm_only,noise,0.02,0.9,,,0.8381509007297374,0.5673544332312006,0.8614035087719298,68
43,lstm_only,noise,0.05,0.9,,,0.7728206911129988,0.6706791798863523,0.7982456140350878,68
43,lstm_only,gamma,,,0.0,0.5,0.7207578618891034,0.5627242075054947,0.8270045727877254,490
43,lstm_only,gamma,,,0.3,0.5,0.6953731082315239,0.6453111280456325,0.8118453337845841,488
43,lstm_only,gamma,,,0.6,0.5,0.6389916629858421,0.779318884145308,0.7840621963070943,497
43,lstm_only,gamma,,,0.3,2.0,0.6981599742367257,0.7154250704857155,0.8042812760475865,514
43,lstm_only,gamma,,,0.6,2.0,0.5650127762843633,1.0611827864306773,0.7798562949078414,566
43,physics_lstm,noise,0.0,0.0,,,0.9588248176561077,0.25956497423837926,0.9578947368421052,68
43,physics_lstm,noise,0.02,0.0,,,0.8904558263000456,0.3956451718914531,0.887280701754386,68
43,physics_lstm,noise,0.05,0.0,,,0.5205722985032479,0.9420467950678992,0.7907894736842105,68
43,physics_lstm,noise,0.02,0.5,,,0.8879060107983033,0.40645308499033184,0.8798245614035087,68
43,physics_lstm,noise,0.05,0.5,,,0.5187569833479755,0.9269481040492287,0.768859649122807,68
43,physics_lstm,noise,0.02,0.9,,,0.9071832838667989,0.4128909506776616,0.8890350877192983,68
43,physics_lstm,noise,0.05,0.9,,,0.6739804583552487,0.7335489898236941,0.743859649122807,68
43,physics_lstm,gamma,,,0.0,0.5,0.9586936340813559,0.17956799441420343,0.9837523659570191,490
43,physics_lstm,gamma,,,0.3,0.5,0.8510542842210116,0.4168641652369928,0.9253067095354937,488
43,physics_lstm,gamma,,,0.6,0.5,0.6633111832749239,0.7395823256515337,0.8553773890508584,497
43,physics_lstm,gamma,,,0.3,2.0,0.8311964236542226,0.4864500494038565,0.9226793968326135,514
43,physics_lstm,gamma,,,0.6,2.0,0.6117976704862802,0.986965670163383,0.8550702905342081,566
43,physics_lstm_aug,noise,0.0,0.0,,,0.9238615497170817,0.43131703429044427,0.880701754385965,68
43,physics_lstm_aug,noise,0.02,0.0,,,0.9172158586006479,0.4397162210754914,0.8684210526315789,68
43,physics_lstm_aug,noise,0.05,0.0,,,0.8375029062925956,0.5305649384040848,0.8100877192982456,68
43,physics_lstm_aug,noise,0.02,0.5,,,0.9030571572102213,0.4594126896649911,0.8535087719298246,68
43,physics_lstm_aug,noise,0.05,0.5,,,0.8017165346355274,0.5965497811037863,0.7833333333333333,68
43,physics_lstm_aug,noise,0.02,0.9,,,0.906104045544356,0.47449847135186807,0.9026315789473685,68
43,physics_lstm_aug,noise,0.05,0.9,,,0.7500275375514134,0.6792342526013423,0.8473684210526315,68
43,physics_lstm_aug,gamma,,,0.0,0.5,0.9161011922648749,0.3167915764042222,0.9578231520410044,490
43,physics_lstm_aug,gamma,,,0.3,0.5,0.8370836633831338,0.4710831447898549,0.904442000169219,488
43,physics_lstm_aug,gamma,,,0.6,0.5,0.680617125374162,0.7474128428853937,0.8439261418853256,497
43,physics_lstm_aug,gamma,,,0.3,2.0,0.8118340206932286,0.5577468044246763,0.8870955520193984,514
43,physics_lstm_aug,gamma,,,0.6,2.0,0.6152572094520323,1.0145799391796757,0.8340143705092157,566
43,transformer,noise,0.0,0.0,,,0.9395266364024234,0.35224914724016115,0.9771929824561404,68
43,transformer,noise,0.02,0.0,,,0.9346887042512577,0.3710109485901385,0.9526315789473684,68
43,transformer,noise,0.05,0.0,,,0.8965590616923506,0.43105476439283796,0.8999999999999999,68
43,transformer,noise,0.02,0.5,,,0.9324929522702009,0.37309694758977896,0.9535087719298245,68
43,transformer,noise,0.05,0.5,,,0.8595620275616508,0.473052617745043,0.9035087719298246,68
43,transformer,noise,0.02,0.9,,,0.9131669340716606,0.42014135260047447,0.9359649122807017,68
43,transformer,noise,0.05,0.9,,,0.7763850560813738,0.6181443387935621,0.8675438596491228,68
43,transformer,gamma,,,0.0,0.5,0.8615496342888035,0.3740288939239227,0.9421617728346259,490
43,transformer,gamma,,,0.3,0.5,0.8077795845440522,0.47637391675155655,0.9189609950080379,488
43,transformer,gamma,,,0.6,0.5,0.710457539731975,0.6559958820491534,0.8958373825720766,497
43,transformer,gamma,,,0.3,2.0,0.8058910069836538,0.5208947298063844,0.9284837463059786,514
43,transformer,gamma,,,0.6,2.0,0.6443876120728553,0.8906677053808404,0.9022305529522026,566
43,physics_lstm_sto,noise,0.0,0.0,,,0.9618991241433251,0.2582088415895368,0.9728070175438597,68
43,physics_lstm_sto,noise,0.02,0.0,,,0.8563660208632666,0.4991007435036952,0.9087719298245613,68
43,physics_lstm_sto,noise,0.05,0.0,,,0.21897408227093051,1.1649477922365459,0.6833333333333333,68
43,physics_lstm_sto,noise,0.02,0.5,,,0.8547567852288733,0.49199498205020936,0.8982456140350876,68
43,physics_lstm_sto,noise,0.05,0.5,,,0.19924214209086644,1.1826153727727349,0.6649122807017545,68
43,physics_lstm_sto,noise,0.02,0.9,,,0.9164413247818253,0.36861803499337087,0.9342105263157894,68
43,physics_lstm_sto,noise,0.05,0.9,,,0.5680386009372558,0.8550435367134253,0.7802631578947368,68
43,physics_lstm_sto,gamma,,,0.0,0.5,0.9487897346372193,0.22977701555392255,0.9740707860839852,490
43,physics_lstm_sto,gamma,,,0.3,0.5,0.8534278736315101,0.41388863487450767,0.9283018867924528,488
43,physics_lstm_sto,gamma,,,0.6,0.5,0.6752017444610441,0.7286190312124169,0.8479024943310658,497
43,physics_lstm_sto,gamma,,,0.3,2.0,0.832105506544035,0.49146098019688367,0.9284534363870577,514
43,physics_lstm_sto,gamma,,,0.6,2.0,0.6248080240236464,0.954821111047891,0.8638675413933147,566
43,transformer_sto,noise,0.0,0.0,,,0.8283226794475935,0.4766667447903924,0.9491228070175439,68
43,transformer_sto,noise,0.02,0.0,,,0.8081394364449308,0.528487056901512,0.9350877192982456,68
43,transformer_sto,noise,0.05,0.0,,,0.7355612670743034,0.6469057122867534,0.8763157894736843,68
43,transformer_sto,noise,0.02,0.5,,,0.8037142193853151,0.5361330945567676,0.9368421052631579,68
43,transformer_sto,noise,0.05,0.5,,,0.7221298184196865,0.6522816932375707,0.8868421052631579,68
43,transformer_sto,noise,0.02,0.9,,,0.8117995156469997,0.5428362460919837,0.9298245614035089,68
43,transformer_sto,noise,0.05,0.9,,,0.7016062684516879,0.6953824029242155,0.8780701754385964,68
43,transformer_sto,gamma,,,0.0,0.5,0.8276473467556436,0.4178808159385806,0.9142560426123516,490
43,transformer_sto,gamma,,,0.3,0.5,0.7943675896337359,0.4842714666572583,0.9109738556561469,488
43,transformer_sto,gamma,,,0.6,0.5,0.6986991715098895,0.6827449158693469,0.8668448331713637,497
43,transformer_sto,gamma,,,0.3,2.0,0.7770702516715668,0.5547840319443457,0.9049026293854664,514
43,transformer_sto,gamma,,,0.6,2.0,0.641421877075411,0.8692405908871303,0.9025179631365199,566
44,physics_only,noise,0.0,0.0,,,0.8530364469761137,0.6059884455503454,0.9826923076923076,79
44,physics_only,noise,0.02,0.0,,,0.8397187134146219,0.6682285871879081,0.9756410256410257,79
44,physics_only,noise,0.05,0.0,,,0.5825464870316189,1.079461866206324,0.8871794871794871,79
44,physics_only,noise,0.02,0.5,,,0.8304424359124489,0.73023283964169,0.9541666666666667,79
44,physics_only,noise,0.05,0.5,,,0.47208202337748495,1.2910835756889263,0.860897435897436,79
44,physics_only,noise,0.02,0.9,,,0.7350814350251837,0.9493094291393175,0.9032051282051282,79
44,physics_only,noise,0.05,0.9,,,-0.8943396900586587,2.237463809619323,0.782051282051282,79
44,physics_only,gamma,,,0.0,0.5,0.3559114917045304,0.49640876708958664,0.9728705168776371,493
44,physics_only,gamma,,,0.3,0.5,0.490238392922547,0.7110205104025015,0.9037402015677491,520
44,physics_only,gamma,,,0.6,0.5,-0.12446015747070205,1.2581077491194639,0.8372409063198537,562
44,physics_only,gamma,,,0.3,2.0,0.38168436013401585,0.8108163636084168,0.91651104886399,558
44,physics_only,gamma,,,0.6,2.0,-0.425257892486657,1.7970956098297473,0.8389653315310939,618
44,lstm_only,noise,0.0,0.0,,,0.4983567482364536,1.1054365610435755,0.7903846153846155,79
44,lstm_only,noise,0.02,0.0,,,0.48936552474705197,1.1113806632889098,0.7858974358974359,79
44,lstm_only,noise,0.05,0.0,,,0.4737400892731236,1.1266517621215333,0.780128205128205,79
44,lstm_only,noise,0.02,0.5,,,0.48972567075764406,1.112405866385853,0.7871794871794872,79
44,lstm_only,noise,0.05,0.5,,,0.47289129605516245,1.124105793739092,0.7801282051282051,79
44,lstm_only,noise,0.02,0.9,,,0.4932355531226631,1.1054635721741508,0.7891025641025642,79
44,lstm_only,noise,0.05,0.9,,,0.47096473690974194,1.1309591122295906,0.760897435897436,79
44,lstm_only,gamma,,,0.0,0.5,0.6410643245272629,0.6424641581812744,0.7495220200421941,493
44,lstm_only,gamma,,,0.3,0.5,0.6498201751673711,0.6735325472271823,0.693318402388951,520
44,lstm_only,gamma,,,0.6,0.5,0.5813351815897352,0.8303812759282886,0.7103231050599471,562
44,lstm_only,gamma,,,0.3,2.0,0.5936474966266276,0.7723979436898379,0.6874416433239963,558
44,lstm_only,gamma,,,0.6,2.0,0.45823922149276675,1.1339674734384138,0.6945309777500871,618
44,physics_lstm,noise,0.0,0.0,,,0.5690212910173027,0.6566265249247102,0.9865384615384616,79
44,physics_lstm,noise,0.02,0.0,,,0.5019227947972036,0.8229761082580814,0.9570512820512821,79
44,physics_lstm,noise,0.05,0.0,,,0.21962866577737516,1.3661987650277805,0.8147435897435897,79
44,physics_lstm,noise,0.02,0.5,,,0.5023349765526703,0.8297298302616017,0.95,79
44,physics_lstm,noise,0.05,0.5,,,0.2171561511655945,1.3610400371803169,0.8102564102564103,79
44,physics_lstm,noise,0.02,0.9,,,0.5341140309240525,0.8384869160795162,0.9403846153846154,79
44,physics_lstm,noise,0.05,0.9,,,0.2761593397502947,1.2611542274925767,0.8009615384615385,79
44,physics_lstm,gamma,,,0.0,0.5,0.9242859202646145,0.20817696393501917,0.9917919303797469,493
44,physics_lstm,gamma,,,0.3,0.5,0.8103333943002036,0.4527392651765903,0.92180664427025,520
44,physics_lstm,gamma,,,0.6,0.5,0.6193934455861436,0.7498387206447971,0.848360343426133,562
44,physics_lstm,gamma,,,0.3,2.0,0.7691644699678852,0.5206441734202341,0.9294791990870424,558
44,physics_lstm,gamma,,,0.6,2.0,0.5060503397718308,1.0296384700175212,0.8572077256935278,618
44,physics_lstm_aug,noise,0.0,0.0,,,0.5679840357897948,0.7037092620329748,0.9807692307692307,79
44,physics_lstm_aug,noise,0.02,0.0,,,0.5654244149706908,0.7167719542544263,0.9717948717948718,79
44,physics_lstm_aug,noise,0.05,0.0,,,0.5230584776398546,0.8405940038787341,0.933974358974359,79
44,physics_lstm_aug,noise,0.02,0.5,,,0.5626255914000531,0.7360253932636537,0.9608974358974359,79
44,physics_lstm_aug,noise,0.05,0.5,,,0.5152249331547074,0.8586545936566689,0.923076923076923,79
44,physics_lstm_aug,noise,0.02,0.9,,,0.5493542719873219,0.8370933761171014,0.9262820512820512,79
44,physics_lstm_aug,noise,0.05,0.9,,,0.4844549344180211,1.0708697490113972,0.8416666666666668,79
44,physics_lstm_aug,gamma,,,0.0,0.5,0.9166345988911365,0.23223929448871508,0.9901272415611815,493
44,physics_lstm_aug,gamma,,,0.3,0.5,0.8260365646508301,0.42679401969773423,0.9188503172825682,520
44,physics_lstm_aug,gamma,,,0.6,0.5,0.6568523452060533,0.707061532034692,0.8574476732371469,562
44,physics_lstm_aug,gamma,,,0.3,2.0,0.7809252137221157,0.5010591342467651,0.9315411349725076,558
44,physics_lstm_aug,gamma,,,0.6,2.0,0.5291817644127096,0.9990878892660345,0.8596470849129327,618
44,transformer,noise,0.0,0.0,,,0.5485020456151597,0.8486492287234998,0.9378205128205128,79
44,transformer,noise,0.02,0.0,,,0.5418959988997951,0.8777078585251971,0.9211538461538462,79
44,transformer,noise,0.05,0.0,,,0.524229923588919,0.9669958604885485,0.8833333333333333,79
44,transformer,noise,0.02,0.5,,,0.5393889248550066,0.8856361725119581,0.9153846153846154,79
44,transformer,noise,0.05,0.5,,,0.5176788159295957,1.0012633223668614,0.8589743589743589,79
44,transformer,noise,0.02,0.9,,,0.5330448686306097,0.9065366684027468,0.885897435897436,79
44,transformer,noise,0.05,0.9,,,0.4842487714568178,1.115725729685227,0.808974358974359,79
44,transformer,gamma,,,0.0,0.5,0.8451407845314491,0.4037957209912122,0.9540974419831223,493
44,transformer,gamma,,,0.3,0.5,0.8030537523839634,0.4527660667380319,0.9094886151549086,520
44,transformer,gamma,,,0.6,0.5,0.6895992046050232,0.642704395639573,0.8823536882747409,562
44,transformer,gamma,,,0.3,2.0,0.7654064856762879,0.5171504123350106,0.9260296711277104,558
44,transformer,gamma,,,0.6,2.0,0.5501046625373762,0.9226369884201868,0.87147428112823,618
44,physics_lstm_sto,noise,0.0,0.0,,,0.5542659850910294,0.7546628815542831,0.9666666666666666,79
44,physics_lstm_sto,noise,0.02,0.0,,,0.3872881369234169,0.9193137669806928,0.9352564102564103,79
44,physics_lstm_sto,noise,0.05,0.0,,,0.10148842845583717,1.4735795162612495,0.6990384615384615,79
44,physics_lstm_sto,noise,0.02,0.5,,,0.3843366310961437,0.9297630801623873,0.9217948717948717,79
44,physics_lstm_sto,noise,0.05,0.5,,,0.11349201344872295,1.4972879530347698,0.6823717948717949,79
44,physics_lstm_sto,noise,0.02,0.9,,,0.46832415678150396,0.8968265184287006,0.9224358974358975,79
44,physics_lstm_sto,noise,0.05,0.9,,,0.12067097052802478,1.3477963693164425,0.7166666666666667,79
44,physics_lstm_sto,gamma,,,0.0,0.5,0.8792223932398228,0.3219067654365773,0.9689642668776373,493
44,physics_lstm_sto,gamma,,,0.3,0.5,0.7946439252817034,0.4849609526246104,0.905337812616648,520
44,physics_lstm_sto,gamma,,,0.6,0.5,0.6617466333626586,0.6952812183707388,0.8588891993497257,562
44,physics_lstm_sto,gamma,,,0.3,2.0,0.7593375368397036,0.5384275460285047,0.9239807033924682,558
44,physics_lstm_sto,gamma,,,0.6,2.0,0.5333772344860681,0.9656873817183217,0.8691933218581369,618
44,transformer_sto,noise,0.0,0.0,,,0.515844403771291,0.9349361985336295,0.9314102564102563,79
44,transformer_sto,noise,0.02,0.0,,,0.5134048362646495,0.949860311017833,0.9083333333333333,79
44,transformer_sto,noise,0.05,0.0,,,0.5022950639130538,1.0082986237029743,0.8474358974358974,79
44,transformer_sto,noise,0.02,0.5,,,0.5122554882750983,0.9601233299432999,0.9032051282051281,79
44,transformer_sto,noise,0.05,0.5,,,0.49746830082107085,1.0483816185812052,0.85,79
44,transformer_sto,noise,0.02,0.9,,,0.5109866353148778,0.9671841000205211,0.9076923076923077,79
44,transformer_sto,noise,0.05,0.9,,,0.4842903726327732,1.0988668092842508,0.8346153846153846,79
44,transformer_sto,gamma,,,0.0,0.5,0.7578325650058977,0.5177574702374791,0.8889603111814346,493
44,transformer_sto,gamma,,,0.3,0.5,0.7406435726839662,0.5623106988054123,0.8416424038820455,520
44,transformer_sto,gamma,,,0.6,0.5,0.6366285177377689,0.7516454200607551,0.8169198333672018,562
44,transformer_sto,gamma,,,0.3,2.0,0.6951020855284218,0.6383242449696102,0.8745590828924162,558
44,transformer_sto,gamma,,,0.6,2.0,0.5227363151380178,1.0011997434987896,0.8564474059368302,618
