seed,arm,sigma,phi,r2,mae,auroc,n_samples
42,physics_lstm_white,0.0,0.0,0.9573097404207291,0.2451385238890435,0.9586104951958611,74
42,physics_lstm_white,0.01,0.0,0.9367075306831928,0.2704257206848972,0.9696969696969696,74
42,physics_lstm_white,0.02,0.0,0.8963441904280265,0.31692515085588013,0.9652623798965263,74
42,physics_lstm_white,0.05,0.0,0.7433915718044626,0.5053257259669984,0.917220990391722,74
42,physics_lstm_white,0.1,0.0,0.6117796058073041,0.6994160884798295,0.7997043606799704,74
42,physics_lstm_white,0.01,0.5,0.9158091948525775,0.2958590555569675,0.9660014781966002,74
42,physics_lstm_white,0.02,0.5,0.8564610988768007,0.3727144512556318,0.9482631189948263,74
42,physics_lstm_white,0.05,0.5,0.6685783163070511,0.6007446007766372,0.8780487804878049,74
42,physics_lstm_white,0.1,0.5,0.4837870065926808,0.8524095610337054,0.7516629711751662,74
42,physics_lstm_white,0.01,0.9,0.8718696782910669,0.3494301996002156,0.9445676274944568,74
42,physics_lstm_white,0.02,0.9,0.7863458292113169,0.4667607941575873,0.9186991869918698,74
42,physics_lstm_white,0.05,0.9,0.5428274191916523,0.7660347169992094,0.80339985218034,74
42,physics_lstm_white,0.1,0.9,0.2377210676964817,1.034625649275619,0.6674057649667406,74
42,physics_lstm_ar1,0.0,0.0,0.9355411263992791,0.3325308883896506,0.9563932002956393,74
42,physics_lstm_ar1,0.01,0.0,0.91577516245801,0.35772018340152567,0.9563932002956392,74
42,physics_lstm_ar1,0.02,0.0,0.8789949564647066,0.38928562122037413,0.957871396895787,74
42,physics_lstm_ar1,0.05,0.0,0.7693488370883188,0.5052670612257213,0.9039172209903916,74
42,physics_lstm_ar1,0.1,0.0,0.67872713484634,0.6662966898499388,0.8388765705838876,74
42,physics_lstm_ar1,0.01,0.5,0.895331951880939,0.37536530513851774,0.9497413155949741,74
42,physics_lstm_ar1,0.02,0.5,0.8415491809567422,0.42911350108258,0.9371766444937176,74
42,physics_lstm_ar1,0.05,0.5,0.7181684788123386,0.57328005289013,0.8780487804878049,74
42,physics_lstm_ar1,0.1,0.5,0.5987898682240963,0.7789362448764395,0.8100517368810052,74
42,physics_lstm_ar1,0.01,0.9,0.8515014584847265,0.41499888670840235,0.926090169992609,74
42,physics_lstm_ar1,0.02,0.9,0.7764566042476415,0.4928507122488905,0.8891352549889134,74
42,physics_lstm_ar1,0.05,0.9,0.5781513799732303,0.7424352079153939,0.8004434589800444,74
42,physics_lstm_ar1,0.1,0.9,0.3490139717296077,0.9949707562602078,0.7228381374722838,74
42,lstm_only_ar1,0.0,0.0,0.7010199776553405,0.5793623433990884,0.8736141906873615,74
42,lstm_only_ar1,0.01,0.0,0.7208148745108711,0.5702588195160179,0.8832224685883223,74
42,lstm_only_ar1,0.02,0.0,0.7387861080938812,0.5615286474375882,0.8883961566888396,74
42,lstm_only_ar1,0.05,0.0,0.7493283929037893,0.5572780508227704,0.8913525498891353,74
42,lstm_only_ar1,0.1,0.0,0.7697449224719471,0.5466684831867002,0.8920916481892092,74
42,lstm_only_ar1,0.01,0.5,0.7274613079145205,0.5631835386365888,0.8839615668883962,74
42,lstm_only_ar1,0.02,0.5,0.7453000975196771,0.5464617005609498,0.9076127124907611,74
42,lstm_only_ar1,0.05,0.5,0.7522679969372263,0.557450561194186,0.9002217294900221,74
42,lstm_only_ar1,0.1,0.5,0.7602719180984754,0.561706935046223,0.8795269770879527,74
42,lstm_only_ar1,0.01,0.9,0.7234570500139448,0.5563334122570013,0.8950480413895048,74
42,lstm_only_ar1,0.02,0.9,0.7311921729437898,0.5616757126640787,0.9039172209903916,74
42,lstm_only_ar1,0.05,0.9,0.7272899531794983,0.6176482524782825,0.8795269770879527,74
42,lstm_only_ar1,0.1,0.9,0.674160810429751,0.7239520821555516,0.8233555062823356,74
42,transformer,0.0,0.0,0.7769729391337995,0.4255702063727951,0.9770879526977088,74
42,transformer,0.01,0.0,0.770236969424995,0.42573061948540936,0.9859571322985957,74
42,transformer,0.02,0.0,0.7613828863650898,0.4313765657480637,0.9874353288987436,74
42,transformer,0.05,0.0,0.7250134705027153,0.48399445568397825,0.9807834441980783,74
42,transformer,0.1,0.0,0.635726492316671,0.6445461519664862,0.9356984478935699,74
42,transformer,0.01,0.5,0.7635568717996021,0.43256387865668644,0.9859571322985957,74
42,transformer,0.02,0.5,0.7439976179812162,0.45997382128796976,0.9807834441980784,74
42,transformer,0.05,0.5,0.6860784189061099,0.5348566893520879,0.9534368070953436,74
42,transformer,0.1,0.5,0.6098574097456944,0.6604526024437584,0.8883961566888396,74
42,transformer,0.01,0.9,0.7517234375000209,0.4581752540927592,0.9785661492978567,74
42,transformer,0.02,0.9,0.7099905715867258,0.5141359051943721,0.950480413895048,74
42,transformer,0.05,0.9,0.5745147041217248,0.6899692000230296,0.8810051736881005,74
42,transformer,0.1,0.9,0.377166124508832,0.8965755599753397,0.7915742793791574,74
42,transformer_ar1,0.0,0.0,0.7722196701850577,0.42905283999638566,0.9866962305986696,74
42,transformer_ar1,0.01,0.0,0.7676152777318652,0.4310060397489473,0.9881744271988175,74
42,transformer_ar1,0.02,0.0,0.7615341814335721,0.43298771431849775,0.9896526237989653,74
42,transformer_ar1,0.05,0.0,0.7365724653884027,0.4621409864367253,0.9866962305986696,74
42,transformer_ar1,0.1,0.0,0.6792955057519543,0.5574479798968623,0.9578713968957872,74
42,transformer_ar1,0.01,0.5,0.7646161374921184,0.4310504331656334,0.9896526237989653,74
42,transformer_ar1,0.02,0.5,0.7543348746118289,0.4350619271440121,0.9903917220990393,74
42,transformer_ar1,0.05,0.5,0.716957462578231,0.49661152730025254,0.9689578713968957,74
42,transformer_ar1,0.1,0.5,0.6516354359568652,0.6194615752578021,0.9135254988913526,74
42,transformer_ar1,0.01,0.9,0.7590085845388025,0.42958568690832466,0.9889135254988913,74
42,transformer_ar1,0.02,0.9,0.737678520785684,0.47111240325298137,0.9852180339985218,74
42,transformer_ar1,0.05,0.9,0.6468276363261285,0.6124967669789114,0.9031781226903179,74
42,transformer_ar1,0.1,0.9,0.47491006637221356,0.8271077652188932,0.7967479674796748,74
43,physics_lstm_white,0.0,0.0,0.9238615497170817,0.43131703429044427,0.880701754385965,68
43,physics_lstm_white,0.01,0.0,0.9259281502128092,0.4162911993484238,0.8719298245614034,68
43,physics_lstm_white,0.02,0.0,0.9172158586006479,0.4397162210754914,0.8684210526315789,68
43,physics_lstm_white,0.05,0.0,0.8375029062925956,0.5305649384040848,0.8100877192982456,68
43,physics_lstm_white,0.1,0.0,0.8092018763128597,0.6121194308459851,0.7916666666666666,68
43,physics_lstm_white,0.01,0.5,0.9244282024557482,0.421239238846764,0.8754385964912281,68
43,physics_lstm_white,0.02,0.5,0.9030571572102213,0.4594126896649911,0.8535087719298246,68
43,physics_lstm_white,0.05,0.5,0.8017165346355274,0.5965497811037863,0.7833333333333333,68
43,physics_lstm_white,0.1,0.5,0.6623980713496885,0.7857650346558467,0.7131578947368421,68
43,physics_lstm_white,0.01,0.9,0.9226257108289757,0.43754000834506607,0.8859649122807018,68
43,physics_lstm_white,0.02,0.9,0.906104045544356,0.47449847135186807,0.9026315789473685,68
43,physics_lstm_white,0.05,0.9,0.7500275375514134,0.6792342526013423,0.8473684210526315,68
43,physics_lstm_white,0.1,0.9,0.3947186718594572,1.0215928769604399,0.6649122807017543,68
43,physics_lstm_ar1,0.0,0.0,0.9472777743276586,0.36463804445895326,0.9070175438596492,68
43,physics_lstm_ar1,0.01,0.0,0.9481338847546938,0.35746175964419846,0.8973684210526316,68
43,physics_lstm_ar1,0.02,0.0,0.9415965136025903,0.3771601797691273,0.8921052631578947,68
43,physics_lstm_ar1,0.05,0.0,0.9189660415302279,0.40624812188014586,0.8736842105263158,68
43,physics_lstm_ar1,0.1,0.0,0.8253783304650709,0.5912887142760029,0.8271929824561404,68
43,physics_lstm_ar1,0.01,0.5,0.9466653175696567,0.3618460171290377,0.8991228070175439,68
43,physics_lstm_ar1,0.02,0.5,0.9343121456122101,0.38727183900121176,0.893859649122807,68
43,physics_lstm_ar1,0.05,0.5,0.8978190526398045,0.455396471187835,0.8640350877192982,68
43,physics_lstm_ar1,0.1,0.5,0.743960585579958,0.6953484589314769,0.7692982456140351,68
43,physics_lstm_ar1,0.01,0.9,0.9410917227399178,0.3842587005014061,0.9017543859649123,68
43,physics_lstm_ar1,0.02,0.9,0.9304164350199077,0.419569955807397,0.9122807017543859,68
43,physics_lstm_ar1,0.05,0.9,0.8407655969923775,0.5840620102710565,0.8824561403508773,68
43,physics_lstm_ar1,0.1,0.9,0.6279513286369194,0.828910891238466,0.7442982456140351,68
43,lstm_only_ar1,0.0,0.0,0.7653118432624774,0.685377747633158,0.7157894736842105,68
43,lstm_only_ar1,0.01,0.0,0.7443320429115068,0.7034852177585859,0.7201754385964911,68
43,lstm_only_ar1,0.02,0.0,0.7344114092798153,0.7132732597473475,0.7236842105263157,68
43,lstm_only_ar1,0.05,0.0,0.7317237505019389,0.7282728897570405,0.75,68
43,lstm_only_ar1,0.1,0.0,0.75041518475863,0.7195757731480426,0.7482456140350877,68
43,lstm_only_ar1,0.01,0.5,0.7384101121793816,0.7072473321425418,0.7131578947368421,68
43,lstm_only_ar1,0.02,0.5,0.7342877807034625,0.7132223939461295,0.7175438596491228,68
43,lstm_only_ar1,0.05,0.5,0.7325412161544875,0.7261317088526055,0.7368421052631579,68
43,lstm_only_ar1,0.1,0.5,0.7406242681827218,0.7408838712348178,0.7324561403508771,68
43,lstm_only_ar1,0.01,0.9,0.7659806968884981,0.6865738011543234,0.712280701754386,68
43,lstm_only_ar1,0.02,0.9,0.765505251905753,0.6902757824162302,0.712280701754386,68
43,lstm_only_ar1,0.05,0.9,0.7529189328272127,0.7169232497327793,0.7219298245614034,68
43,lstm_only_ar1,0.1,0.9,0.6483118509853394,0.8317544849056507,0.7228070175438597,68
43,transformer,0.0,0.0,0.9394543933647769,0.3525251565648255,0.9771929824561404,68
43,transformer,0.01,0.0,0.9377831357413463,0.35972602346218857,0.9710526315789474,68
43,transformer,0.02,0.0,0.9346237268853067,0.3712911762474428,0.9526315789473684,68
43,transformer,0.05,0.0,0.8965512448496337,0.4311819641549639,0.8982456140350876,68
43,transformer,0.1,0.0,0.7122905158364878,0.6397824450941507,0.7692982456140351,68
43,transformer,0.01,0.5,0.9375391120550128,0.3614532970597537,0.9736842105263157,68
43,transformer,0.02,0.5,0.9324078812022534,0.3734082273938939,0.9535087719298245,68
43,transformer,0.05,0.5,0.8595346708571392,0.4732245836645924,0.9035087719298246,68
43,transformer,0.1,0.5,0.6952830764449854,0.6713129982162344,0.7657894736842105,68
43,transformer,0.01,0.9,0.9330139479000386,0.3733180047749779,0.9657894736842105,68
43,transformer,0.02,0.9,0.9130163986142614,0.42053442910154126,0.9359649122807017,68
43,transformer,0.05,0.9,0.7762820841730502,0.6185361707731041,0.8666666666666667,68
43,transformer,0.1,0.9,0.5960471990870961,0.8031101905972401,0.769298245614035,68
43,transformer_ar1,0.0,0.0,0.8745324782120469,0.5149569006653096,0.9710526315789474,68
43,transformer_ar1,0.01,0.0,0.8739241005867807,0.5153238339458937,0.9710526315789474,68
43,transformer_ar1,0.02,0.0,0.8723257238634444,0.5154235171533099,0.9666666666666668,68
43,transformer_ar1,0.05,0.0,0.8530931348273739,0.5271480059010462,0.9350877192982456,68
43,transformer_ar1,0.1,0.0,0.7842620088659692,0.6032575654107065,0.8307017543859649,68
43,transformer_ar1,0.01,0.5,0.8735605231184854,0.5143192252469991,0.974561403508772,68
43,transformer_ar1,0.02,0.5,0.869555593110291,0.5169746856504824,0.9666666666666668,68
43,transformer_ar1,0.05,0.5,0.835713644655082,0.54654729560275,0.9201754385964912,68
43,transformer_ar1,0.1,0.5,0.7612805362623443,0.6233470091679844,0.8350877192982455,68
43,transformer_ar1,0.01,0.9,0.873025254281989,0.5155464276491329,0.9701754385964911,68
43,transformer_ar1,0.02,0.9,0.8649330947291876,0.5295486037008655,0.9614035087719297,68
43,transformer_ar1,0.05,0.9,0.815106037982436,0.5969790204402399,0.8894736842105263,68
43,transformer_ar1,0.1,0.9,0.7105233660681646,0.6817849561064315,0.8043859649122806,68
44,physics_lstm_white,0.0,0.0,0.5679840357897948,0.7037092620329748,0.9807692307692307,79
44,physics_lstm_white,0.01,0.0,0.5670909817417902,0.7071505366660322,0.9775641025641025,79
44,physics_lstm_white,0.02,0.0,0.5654244149706908,0.7167719542544263,0.9717948717948718,79
44,physics_lstm_white,0.05,0.0,0.5230584776398546,0.8405940038787341,0.933974358974359,79
44,physics_lstm_white,0.1,0.0,0.46435776867519796,0.9578332272729032,0.9076923076923076,79
44,physics_lstm_white,0.01,0.5,0.5659114187544172,0.7175908585358307,0.9743589743589743,79
44,physics_lstm_white,0.02,0.5,0.5626255914000531,0.7360253932636537,0.9608974358974359,79
44,physics_lstm_white,0.05,0.5,0.5152249331547074,0.8586545936566689,0.923076923076923,79
44,physics_lstm_white,0.1,0.5,0.4338470073775066,1.0931883807666247,0.8314102564102565,79
44,physics_lstm_white,0.01,0.9,0.5613298358146483,0.7500506042406238,0.9544871794871794,79
44,physics_lstm_white,0.02,0.9,0.5493542719873219,0.8370933761171014,0.9262820512820512,79
44,physics_lstm_white,0.05,0.9,0.4844549344180211,1.0708697490113972,0.8416666666666668,79
44,physics_lstm_white,0.1,0.9,0.3377925030515706,1.336639775675521,0.7253205128205129,79
44,physics_lstm_ar1,0.0,0.0,0.55895599498282,0.751393394274593,0.9461538461538461,79
44,physics_lstm_ar1,0.01,0.0,0.5578867308139773,0.7606448941374389,0.9493589743589743,79
44,physics_lstm_ar1,0.02,0.0,0.5562787065996007,0.7769059766266941,0.9474358974358974,79
44,physics_lstm_ar1,0.05,0.0,0.5250019694409584,0.8883096056878697,0.908974358974359,79
44,physics_lstm_ar1,0.1,0.0,0.47261719744256303,1.0202441296273945,0.8878205128205128,79
44,physics_lstm_ar1,0.01,0.5,0.5564653033557647,0.7686671052312697,0.9448717948717948,79
44,physics_lstm_ar1,0.02,0.5,0.5535168638143131,0.7924264720747314,0.9384615384615385,79
44,physics_lstm_ar1,0.05,0.5,0.520049023180599,0.9102310878759033,0.9076923076923078,79
44,physics_lstm_ar1,0.1,0.5,0.4607366533479028,1.0692519758201926,0.8358974358974359,79
44,physics_lstm_ar1,0.01,0.9,0.5509577405239781,0.7951488404237242,0.9288461538461538,79
44,physics_lstm_ar1,0.02,0.9,0.5383814091765178,0.8849015040498543,0.9032051282051282,79
44,physics_lstm_ar1,0.05,0.9,0.48909345250598324,1.094260847821332,0.8384615384615384,79
44,physics_lstm_ar1,0.1,0.9,0.3534705098391897,1.3537583528983077,0.6961538461538461,79
44,lstm_only_ar1,0.0,0.0,0.4958662148291755,1.119383824432984,0.7666666666666667,79
44,lstm_only_ar1,0.01,0.0,0.4961656521192249,1.118001670787643,0.7673076923076924,79
44,lstm_only_ar1,0.02,0.0,0.49671246073979336,1.117165506326902,0.7621794871794872,79
44,lstm_only_ar1,0.05,0.0,0.4975297109234218,1.109109924355186,0.7596153846153846,79
44,lstm_only_ar1,0.1,0.0,0.4959613422438086,1.1279231368384288,0.7435897435897436,79
44,lstm_only_ar1,0.01,0.5,0.495874621098905,1.1191906967220144,0.767948717948718,79
44,lstm_only_ar1,0.02,0.5,0.49600170889799866,1.1194735823762618,0.7615384615384615,79
44,lstm_only_ar1,0.05,0.5,0.4935204578566206,1.1411626511312216,0.7455128205128205,79
44,lstm_only_ar1,0.1,0.5,0.4876396823515228,1.171796065382609,0.7448717948717949,79
44,lstm_only_ar1,0.01,0.9,0.49596065565859626,1.1175930407839136,0.767948717948718,79
44,lstm_only_ar1,0.02,0.9,0.4955676564198477,1.1244145925831874,0.7596153846153847,79
44,lstm_only_ar1,0.05,0.9,0.4867667645264365,1.1756206797991464,0.7224358974358974,79
44,lstm_only_ar1,0.1,0.9,0.46611819677010335,1.2167623312596567,0.7211538461538463,79
44,transformer,0.0,0.0,0.5480566604950629,0.851342568877487,0.9352564102564103,79
44,transformer,0.01,0.0,0.5455553879249143,0.8630816736744436,0.926923076923077,79
44,transformer,0.02,0.0,0.5414017091671177,0.8802478622722851,0.9217948717948719,79
44,transformer,0.05,0.0,0.523730686684315,0.969688037131042,0.882051282051282,79
44,transformer,0.1,0.0,0.4715591977624405,1.148633214423035,0.7602564102564102,79
44,transformer,0.01,0.5,0.5443017853583334,0.868709195794251,0.9256410256410256,79
44,transformer,0.02,0.5,0.5389221401331312,0.8880107223827411,0.9134615384615385,79
44,transformer,0.05,0.5,0.5172189564811955,1.0031912648725727,0.8583333333333334,79
44,transformer,0.1,0.5,0.4740509561179841,1.1580893315149292,0.7416666666666667,79
44,transformer,0.01,0.9,0.5413293443339386,0.8696381362953964,0.9173076923076924,79
44,transformer,0.02,0.9,0.5325448217539617,0.9083475718407696,0.8846153846153847,79
44,transformer,0.05,0.9,0.48395949418758155,1.1166844101501796,0.8076923076923077,79
44,transformer,0.1,0.9,0.3729063577629218,1.3902360093868795,0.7403846153846154,79
44,transformer_ar1,0.0,0.0,0.5492738513932018,0.8249680870193856,0.9435897435897436,79
44,transformer_ar1,0.01,0.0,0.5492728900873215,0.826528935148423,0.9442307692307692,79
44,transformer_ar1,0.02,0.0,0.5489273923607821,0.8299963196780435,0.9429487179487179,79
44,transformer_ar1,0.05,0.0,0.5444707437609423,0.862916123303482,0.9288461538461539,79
44,transformer_ar1,0.1,0.0,0.5197130034956484,0.9986197501757689,0.8570512820512821,79
44,transformer_ar1,0.01,0.5,0.5488143542329253,0.8296565877728347,0.9442307692307692,79
44,transformer_ar1,0.02,0.5,0.5475835622874339,0.83835160895919,0.9455128205128205,79
44,transformer_ar1,0.05,0.5,0.5380238114031315,0.9135039796112676,0.910897435897436,79
44,transformer_ar1,0.1,0.5,0.5107774886908439,1.0453376418732447,0.8333333333333334,79
44,transformer_ar1,0.01,0.9,0.5472666128066173,0.8381359844903099,0.9365384615384615,79
44,transformer_ar1,0.02,0.9,0.5418815312394274,0.8690603474273095,0.925,79
44,transformer_ar1,0.05,0.9,0.5091802918811497,1.0238183693699157,0.8865384615384615,79
44,transformer_ar1,0.1,0.9,0.42502409159074894,1.2663673856739635,0.7948717948717948,79
45,physics_lstm_white,0.0,0.0,0.8009693719892391,0.7337126734399583,0.9907407407407407,43
45,physics_lstm_white,0.01,0.0,0.8011166028859231,0.7305892106382569,0.9930555555555556,43
45,physics_lstm_white,0.02,0.0,0.7980142414997609,0.7481065187369227,0.9907407407407407,43
45,physics_lstm_white,0.05,0.0,0.766160414351595,0.8513662972667175,0.9722222222222222,43
45,physics_lstm_white,0.1,0.0,0.6512412179412386,1.1179465889494113,0.9143518518518519,43
45,physics_lstm_white,0.01,0.5,0.8004334351513538,0.7402427287757279,0.9907407407407407,43
45,physics_lstm_white,0.02,0.5,0.7930430295046254,0.7797561636329493,0.9907407407407407,43
45,physics_lstm_white,0.05,0.5,0.7017221019214426,0.9905569468451288,0.9444444444444444,43
45,physics_lstm_white,0.1,0.5,0.5229875944245247,1.267170046411291,0.8703703703703705,43
45,physics_lstm_white,0.01,0.9,0.79480225262205,0.771399514593794,0.9907407407407407,43
45,physics_lstm_white,0.02,0.9,0.7660426887001598,0.8527050600547124,0.9791666666666667,43
45,physics_lstm_white,0.05,0.9,0.6168693635008631,1.1109102305666292,0.8842592592592593,43
45,physics_lstm_white,0.1,0.9,0.41624816894982,1.415100237900926,0.7997685185185185,43
45,physics_lstm_ar1,0.0,0.0,0.8014802605425996,0.7372040674668079,0.9953703703703703,43
45,physics_lstm_ar1,0.01,0.0,0.8010523157997802,0.7400609507199388,0.9953703703703703,43
45,physics_lstm_ar1,0.02,0.0,0.7993732178862352,0.7503929535079177,0.9930555555555556,43
45,physics_lstm_ar1,0.05,0.0,0.770651348355266,0.8427734335163611,0.9699074074074074,43
45,physics_lstm_ar1,0.1,0.0,0.661307513025891,1.0977174245803734,0.900462962962963,43
45,physics_lstm_ar1,0.01,0.5,0.800259338788512,0.7495193074718909,0.9953703703703703,43
45,physics_lstm_ar1,0.02,0.5,0.7951564186433513,0.7783475422056282,0.9907407407407407,43
45,physics_lstm_ar1,0.05,0.5,0.7101784794069181,0.9766862989339087,0.9351851851851851,43
45,physics_lstm_ar1,0.1,0.5,0.5611760808735164,1.2256333780134276,0.8611111111111112,43
45,physics_lstm_ar1,0.01,0.9,0.7950611130888063,0.77134510298595,0.9953703703703703,43
45,physics_lstm_ar1,0.02,0.9,0.7668698995634542,0.8488131955664643,0.9699074074074074,43
45,physics_lstm_ar1,0.05,0.9,0.6520140663476015,1.0732788804934568,0.8680555555555556,43
45,physics_lstm_ar1,0.1,0.9,0.46025854157611745,1.3790257454201604,0.7800925925925927,43
45,lstm_only_ar1,0.0,0.0,0.41949294456953357,1.313958525834629,0.9027777777777779,43
45,lstm_only_ar1,0.01,0.0,0.4291962215602806,1.3106026027230764,0.8981481481481483,43
45,lstm_only_ar1,0.02,0.0,0.4456544952858251,1.3017686109099862,0.900462962962963,43
45,lstm_only_ar1,0.05,0.0,0.46330141414650394,1.2962492201083076,0.8888888888888888,43
45,lstm_only_ar1,0.1,0.0,0.4857191424753252,1.298643877460195,0.8611111111111112,43
45,lstm_only_ar1,0.01,0.5,0.4271106555358718,1.3149968480233203,0.8981481481481483,43
45,lstm_only_ar1,0.02,0.5,0.4400306605893932,1.3045690461072783,0.8865740740740741,43
45,lstm_only_ar1,0.05,0.5,0.45427628544432874,1.3077914776980708,0.875,43
45,lstm_only_ar1,0.1,0.5,0.40860395706557784,1.3642819594826838,0.8240740740740742,43
45,lstm_only_ar1,0.01,0.9,0.434099786621428,1.303450895650064,0.9050925925925926,43
45,lstm_only_ar1,0.02,0.9,0.45117166369028616,1.292958519828536,0.8935185185185185,43
45,lstm_only_ar1,0.05,0.9,0.4194930888030788,1.3366345643156439,0.861111111111111,43
45,lstm_only_ar1,0.1,0.9,0.44280194727803224,1.345474865179165,0.8402777777777778,43
45,transformer,0.0,0.0,0.7946236441326213,0.7955491505433616,0.9722222222222222,43
45,transformer,0.01,0.0,0.7948885788100142,0.7897283607013754,0.9675925925925926,43
45,transformer,0.02,0.0,0.7939267779866824,0.7876637318934164,0.9606481481481481,43
45,transformer,0.05,0.0,0.7474962322071712,0.8845887171689601,0.9490740740740742,43
45,transformer,0.1,0.0,0.5852237305604815,1.142788513004703,0.9097222222222222,43
45,transformer,0.01,0.5,0.7950003671804974,0.786315792733785,0.9537037037037037,43
45,transformer,0.02,0.5,0.7892480936590673,0.8052616303065429,0.9444444444444444,43
45,transformer,0.05,0.5,0.7343976868376112,0.9359075034511264,0.900462962962963,43
45,transformer,0.1,0.5,0.5285916729634191,1.2546017348046818,0.8171296296296295,43
45,transformer,0.01,0.9,0.7834066488613607,0.8209789344031394,0.9560185185185186,43
45,transformer,0.02,0.9,0.7548101374189782,0.8794910146149063,0.9328703703703705,43
45,transformer,0.05,0.9,0.65652103056228,1.0658297782797377,0.8657407407407408,43
45,transformer,0.1,0.9,0.5671180533989392,1.2310260069671246,0.7685185185185186,43
45,transformer_ar1,0.0,0.0,0.7442154464087958,0.9477229377184715,0.9699074074074074,43
45,transformer_ar1,0.01,0.0,0.7416749268795877,0.9465110241075412,0.962962962962963,43
45,transformer_ar1,0.02,0.0,0.7352690643581312,0.9539766179702365,0.9606481481481481,43
45,transformer_ar1,0.05,0.0,0.6743114415347501,1.0507749003829743,0.9351851851851851,43
45,transformer_ar1,0.1,0.0,0.43136238182881403,1.3300977880321982,0.8796296296296297,43
45,transformer_ar1,0.01,0.5,0.7401434759707697,0.9468390600148104,0.9606481481481481,43
45,transformer_ar1,0.02,0.5,0.731990352666045,0.9593832916656362,0.9560185185185186,43
45,transformer_ar1,0.05,0.5,0.6733926968032422,1.062522041537471,0.9189814814814815,43
45,transformer_ar1,0.1,0.5,0.5059221786262394,1.2755398330718641,0.8449074074074074,43
45,transformer_ar1,0.01,0.9,0.7359011225013508,0.9488599873323023,0.962962962962963,43
45,transformer_ar1,0.02,0.9,0.7198662918706946,0.9749882722419545,0.9421296296296297,43
45,transformer_ar1,0.05,0.9,0.6603221833625916,1.0794507537394877,0.8842592592592592,43
45,transformer_ar1,0.1,0.9,0.5278946000054604,1.281847769699821,0.7939814814814815,43
46,physics_lstm_white,0.0,0.0,0.9734145405592216,0.18239169339629083,0.989010989010989,55
46,physics_lstm_white,0.01,0.0,0.959414209833867,0.2068834957788068,0.9871794871794871,55
46,physics_lstm_white,0.02,0.0,0.9472095940674826,0.2247397251839749,0.9926739926739927,55
46,physics_lstm_white,0.05,0.0,0.8257901585883796,0.37512833990287164,0.9798534798534798,55
46,physics_lstm_white,0.1,0.0,0.5242786443733252,0.7470320891211012,0.7765567765567765,55
46,physics_lstm_white,0.01,0.5,0.9513677814141982,0.23446224886845493,0.9853479853479853,55
46,physics_lstm_white,0.02,0.5,0.9238143026334129,0.27224494216903544,0.9725274725274725,55
46,physics_lstm_white,0.05,0.5,0.7857356549632003,0.4342669562903944,0.8818681318681318,55
46,physics_lstm_white,0.1,0.5,0.40228057547209817,0.8343111830065214,0.6556776556776557,55
46,physics_lstm_white,0.01,0.9,0.9220536966143149,0.29281527970615423,0.9871794871794872,55
46,physics_lstm_white,0.02,0.9,0.8436525318611526,0.41140388155139984,0.9523809523809523,55
46,physics_lstm_white,0.05,0.9,0.4861005792527193,0.734213517916896,0.73992673992674,55
46,physics_lstm_white,0.1,0.9,-0.09858902755712551,1.1170655850634383,0.4294871794871795,55
46,physics_lstm_ar1,0.0,0.0,0.9594146250024554,0.24601003181035452,0.9926739926739927,55
46,physics_lstm_ar1,0.01,0.0,0.9497857127198023,0.26508929494073996,0.989010989010989,55
46,physics_lstm_ar1,0.02,0.0,0.9285226674488276,0.30470909822877745,0.989010989010989,55
46,physics_lstm_ar1,0.05,0.0,0.8686693732630569,0.3860655316958978,0.9926739926739926,55
46,physics_lstm_ar1,0.1,0.0,0.7177185793764537,0.55690688294365,0.8919413919413919,55
46,physics_lstm_ar1,0.01,0.5,0.9369209282398657,0.29532932765287834,0.989010989010989,55
46,physics_lstm_ar1,0.02,0.5,0.9164611660932924,0.3387631675747006,0.9871794871794872,55
46,physics_lstm_ar1,0.05,0.5,0.7985493868416145,0.4382520373067999,0.9084249084249084,55
46,physics_lstm_ar1,0.1,0.5,0.6546071121738212,0.6311652073562428,0.7197802197802197,55
46,physics_lstm_ar1,0.01,0.9,0.9057550229962905,0.3478293009817768,0.9835164835164836,55
46,physics_lstm_ar1,0.02,0.9,0.8620513516918703,0.409886290376461,0.9798534798534798,55
46,physics_lstm_ar1,0.05,0.9,0.673576009791998,0.5864591104700607,0.7912087912087912,55
46,physics_lstm_ar1,0.1,0.9,0.3313941765680234,0.8871738203284961,0.4862637362637362,55
46,lstm_only_ar1,0.0,0.0,0.7303129492520801,0.5591041009654524,0.7967032967032966,55
46,lstm_only_ar1,0.01,0.0,0.7584703835607435,0.5411380798791845,0.8608058608058609,55
46,lstm_only_ar1,0.02,0.0,0.7782942447220393,0.5258890393382959,0.8901098901098902,55
46,lstm_only_ar1,0.05,0.0,0.7843854599721467,0.5140409249936401,0.8882783882783882,55
46,lstm_only_ar1,0.1,0.0,0.7976107008372404,0.5176305517771779,0.9084249084249083,55
46,lstm_only_ar1,0.01,0.5,0.7531992960631483,0.5473419000188928,0.847985347985348,55
46,lstm_only_ar1,0.02,0.5,0.7837566432558911,0.5267213415253883,0.9010989010989011,55
46,lstm_only_ar1,0.05,0.5,0.7988475027508958,0.5215558495165068,0.9194139194139194,55
46,lstm_only_ar1,0.1,0.5,0.7188224975472679,0.6045785803871001,0.847985347985348,55
46,lstm_only_ar1,0.01,0.9,0.7410748157124671,0.5571704427174641,0.8131868131868132,55
46,lstm_only_ar1,0.02,0.9,0.7663766396800725,0.5471716725478479,0.868131868131868,55
46,lstm_only_ar1,0.05,0.9,0.726813905352588,0.6007510835512624,0.8479853479853481,55
46,lstm_only_ar1,0.1,0.9,0.5022511362752871,0.8199889475307474,0.6959706959706959,55
46,transformer,0.0,0.0,0.8735690032812737,0.424220294821367,0.9835164835164836,55
46,transformer,0.01,0.0,0.8721583787083786,0.4230105342820561,0.9835164835164835,55
46,transformer,0.02,0.0,0.8734918583127687,0.41472385551663365,0.978021978021978,55
46,transformer,0.05,0.0,0.8644564360226181,0.41920052443422573,0.9706959706959707,55
46,transformer,0.1,0.0,0.7559566713906699,0.505121599903954,0.9487179487179488,55
46,transformer,0.01,0.5,0.8622041642090532,0.4398392316304477,0.9743589743589745,55
46,transformer,0.02,0.5,0.8496014182560307,0.4527934452935067,0.9688644688644689,55
46,transformer,0.05,0.5,0.8088846236846094,0.49668012490219215,0.9542124542124543,55
46,transformer,0.1,0.5,0.6835156730094094,0.6232114152408877,0.9010989010989011,55
46,transformer,0.01,0.9,0.8323167973892879,0.48365331016811824,0.9615384615384616,55
46,transformer,0.02,0.9,0.7633736701046427,0.5564504850883909,0.9413919413919414,55
46,transformer,0.05,0.9,0.4828356938640769,0.7913560956606818,0.8589743589743589,55
46,transformer,0.1,0.9,-0.006571327664556037,1.1185151738692922,0.7124542124542125,55
46,transformer_ar1,0.0,0.0,0.8329957802568898,0.4048832012881494,0.978021978021978,55
46,transformer_ar1,0.01,0.0,0.8314457060269175,0.4059628229759773,0.9835164835164835,55
46,transformer_ar1,0.02,0.0,0.8289677867841905,0.405597867966693,0.9780219780219779,55
46,transformer_ar1,0.05,0.0,0.8158715487896614,0.4209628323417085,0.9761904761904762,55
46,transformer_ar1,0.1,0.0,0.7717886949083137,0.4659132159089981,0.9798534798534799,55
46,transformer_ar1,0.01,0.5,0.8296908545270338,0.4119238380566104,0.9725274725274725,55
46,transformer_ar1,0.02,0.5,0.824018186545214,0.4216957485572144,0.9688644688644689,55
46,transformer_ar1,0.05,0.5,0.801657024076873,0.46335058761780873,0.9432234432234432,55
46,transformer_ar1,0.1,0.5,0.7545919555592102,0.5281898096991057,0.9029304029304028,55
46,transformer_ar1,0.01,0.9,0.8260758053430663,0.4207549222501904,0.967032967032967,55
46,transformer_ar1,0.02,0.9,0.8087682207100518,0.450420041007371,0.9322344322344323,55
46,transformer_ar1,0.05,0.9,0.7017484438777077,0.5961637974877095,0.8296703296703297,55
46,transformer_ar1,0.1,0.9,0.41942702659643205,0.8417681919449514,0.6923076923076923,55
