part,seed,scenario,J,model,features,test,r2,mae,auroc,n_samples
a,42,D,,transformer,base,own,0.77330994727431,0.5734318531439818,0.9000506329113924,204
a,42,D,,transformer,base,independent,0.858478726300403,0.5158203472964034,0.9159546864122524,803
a,42,D,,lstm_only,base,own,0.8030001070846873,0.5265348052289762,0.9035949367088608,204
a,42,D,,lstm_only,base,independent,0.847030311975637,0.5433431804640737,0.9033985190810707,803
a,42,D,,transformer,corr,own,0.8089872161719651,0.5482749095982529,0.9079493670886076,204
a,42,D,,transformer,corr,independent,0.8382565079976165,0.5506689003275343,0.9089488007088159,803
a,42,D,,lstm_only,corr,own,0.7868221551171019,0.5826183346440654,0.8990379746835443,204
a,42,D,,lstm_only,corr,independent,0.8309232924967372,0.5774520037937151,0.9009556357192583,803
a,42,E,,transformer,base,own,0.5321994019192466,0.8912032957933061,0.7777777777777778,202
a,42,E,,transformer,base,independent,0.779791287705567,0.8480934264677495,0.8396308722867297,830
a,42,E,,lstm_only,base,own,0.5400609198606521,0.8247699592179886,0.814781746031746,202
a,42,E,,lstm_only,base,independent,0.7802985355228433,0.8676492635017168,0.8352627048676374,830
a,42,E,,transformer,corr,own,0.4927617968264283,0.8815540946866001,0.7902777777777777,202
a,42,E,,transformer,corr,independent,0.8036408239128392,0.7934256775241252,0.853320919774448,830
a,42,E,,lstm_only,corr,own,0.5244873521937239,0.8319162239816337,0.774107142857143,202
a,42,E,,lstm_only,corr,independent,0.8086658184255398,0.766384334644579,0.8658984313243276,830
a,43,D,,transformer,base,own,0.8444935221866877,0.4181440272085243,0.9692028985507246,173
a,43,D,,transformer,base,independent,0.851906404401856,0.4775399752910791,0.9145234395234395,786
a,43,D,,lstm_only,base,own,0.842117993398613,0.455745295984489,0.9619565217391304,173
a,43,D,,lstm_only,base,independent,0.8243647429826955,0.5176985164189933,0.9010878010878011,786
a,43,D,,transformer,corr,own,0.8141800265658657,0.5058746540324955,0.9558249721293199,173
a,43,D,,transformer,corr,independent,0.8411847284394923,0.4894431641783124,0.908087283087283,786
a,43,D,,lstm_only,corr,own,0.8170934811047179,0.5044125682397895,0.9482998885172799,173
a,43,D,,lstm_only,corr,independent,0.7638913064562084,0.6097289754142381,0.872940947940948,786
a,43,E,,transformer,base,own,0.7360207541030512,0.6377450214305919,0.8748316498316498,218
a,43,E,,transformer,base,independent,0.6066617723422307,0.8018698346073783,0.8542661472731843,806
a,43,E,,lstm_only,base,own,0.7585725961960361,0.6204639423190303,0.8563973063973064,218
a,43,E,,lstm_only,base,independent,0.6308375079871412,0.7998136175058715,0.8219778838904248,806
a,43,E,,transformer,corr,own,0.8412175504833326,0.48812302649474903,0.9228956228956229,218
a,43,E,,transformer,corr,independent,0.7015801794494945,0.7131564374673449,0.8641115858255842,806
a,43,E,,lstm_only,corr,own,0.8012742179154343,0.5320526544610891,0.8866161616161616,218
a,43,E,,lstm_only,corr,independent,0.6266942756831189,0.8195495411701818,0.7974930887157577,806
a,44,D,,transformer,base,own,0.8169526777306663,0.534528389011195,0.9113058551617874,206
a,44,D,,transformer,base,independent,0.8222733792896917,0.5788375906924859,0.90639522875142,789
a,44,D,,lstm_only,base,own,0.7903542435144739,0.5986604930459105,0.9098613251155625,206
a,44,D,,lstm_only,base,independent,0.8055042908203512,0.6008229821588799,0.8789889497056698,789
a,44,D,,transformer,corr,own,0.7236706701422586,0.6886707156977798,0.8763000770416025,206
a,44,D,,transformer,corr,independent,0.7961785816262962,0.6014836467034341,0.8789954043168439,789
a,44,D,,lstm_only,corr,own,0.7435414922298715,0.6544528590129257,0.8797187981510015,206
a,44,D,,lstm_only,corr,independent,0.8056426011713252,0.6140147235340053,0.8758132810079521,789
a,44,E,,transformer,base,own,0.6484783919615758,0.9165863313132254,0.8398348813209495,199
a,44,E,,transformer,base,independent,0.6753529126473816,0.7299496552587521,0.8301383188934488,812
a,44,E,,lstm_only,base,own,0.6444097710863416,0.9328394573172915,0.8374613003095975,199
a,44,E,,lstm_only,base,independent,0.6589285001107934,0.7321312516323732,0.8548958808329534,812
a,44,E,,transformer,corr,own,0.6906485370455168,0.8774417520008516,0.8456140350877193,199
a,44,E,,transformer,corr,independent,0.6493328281300176,0.6949058027547989,0.8755555555555556,812
a,44,E,,lstm_only,corr,own,0.6726702208430934,0.8947711291662913,0.8268317853457172,199
a,44,E,,lstm_only,corr,independent,0.6615831399894292,0.7237618542193561,0.8613102295181637,812
b,42,E,0.2,transformer,base,own,0.324497883552351,0.7969529042437995,0.8681318681318682,82
b,42,E,0.2,transformer,corr,own,0.5802892300092434,0.6481813585311643,0.882554945054945,82
b,42,E,0.5,transformer,base,own,0.7580603985133051,0.6963325932253028,0.8964334705075445,81
b,42,E,0.5,transformer,corr,own,0.6843177543243186,0.7512022301421372,0.9026063100137174,81
b,42,E,0.8,transformer,base,own,0.4510416371631484,0.8639721219672035,0.8335866261398176,75
b,42,E,0.8,transformer,corr,own,0.4425035127091156,0.8665078334531199,0.8145896656534954,75
b,42,E,1.0,transformer,base,own,0.3845266331978344,1.2168135441305596,0.8128654970760234,84
b,42,E,1.0,transformer,corr,own,0.44463136033118333,1.161228792362874,0.816114359974009,84
b,42,E,1.2,transformer,base,own,0.4331467176919582,1.7397821959250899,0.8110119047619048,85
b,42,E,1.2,transformer,corr,own,0.3286838680671639,1.9115023503720874,0.7537202380952381,85
b,42,E,1.5,transformer,base,own,0.5135876131656182,1.5084535343028724,0.6926229508196722,89
b,42,E,1.5,transformer,corr,own,0.5535553422800812,1.4492706039279573,0.7289227166276346,89
b,42,E,2.0,transformer,base,own,0.5070852162785134,1.416485186109087,0.7986453201970443,85
b,42,E,2.0,transformer,corr,own,0.41852795530841547,1.6028565834315156,0.7370689655172413,85
b,43,E,0.2,transformer,base,own,0.8071298534224389,0.48824882680704357,0.9131250000000001,80
b,43,E,0.2,transformer,corr,own,0.7988706006107865,0.5037713850280802,0.9025,80
b,43,E,0.5,transformer,base,own,0.4505462365238211,0.7936685240743101,0.9122448979591836,77
b,43,E,0.5,transformer,corr,own,0.8007285125771735,0.4848949427620262,0.9136054421768708,77
b,43,E,0.8,transformer,base,own,0.3890732298750186,0.8634803263277604,0.8796542553191489,79
b,43,E,0.8,transformer,corr,own,0.5996403446337564,0.7187110566305731,0.8803191489361701,79
b,43,E,1.0,transformer,base,own,0.6333084812928043,0.764883837499337,0.8452380952380952,90
b,43,E,1.0,transformer,corr,own,0.6749981545456056,0.748512212103753,0.8819444444444444,90
b,43,E,1.2,transformer,base,own,0.578423463735996,0.87722092246985,0.7021276595744681,85
b,43,E,1.2,transformer,corr,own,0.530023519761611,0.9809719029642652,0.7984322508398656,85
b,43,E,1.5,transformer,base,own,0.5885953476854973,0.7597369756328779,0.7987804878048781,85
b,43,E,1.5,transformer,corr,own,0.6321957131641762,0.6269534084922387,0.8597560975609756,85
b,43,E,2.0,transformer,base,own,0.3719858616767302,1.1637349651605984,0.8033333333333333,85
b,43,E,2.0,transformer,corr,own,0.2866422087358488,1.1610367174753744,0.6855555555555555,85
b,44,E,0.2,transformer,base,own,0.7437152154065398,0.5768293037837897,0.9465449804432855,85
b,44,E,0.2,transformer,corr,own,0.6597313598420536,0.6302522181748187,0.9217731421121252,85
b,44,E,0.5,transformer,base,own,0.7403037452117073,0.6259437474103693,0.9113712374581939,85
b,44,E,0.5,transformer,corr,own,0.7088816216181635,0.6226888163577172,0.8968784838350056,85
b,44,E,0.8,transformer,base,own,0.5293675049963278,0.7536559912532198,0.7902467685076381,83
b,44,E,0.8,transformer,corr,own,0.5181532063356322,0.8047439642299389,0.7679200940070505,83
b,44,E,1.0,transformer,base,own,0.5878846879053015,0.8142724695728975,0.8499446290143965,85
b,44,E,1.0,transformer,corr,own,0.5416009917543914,0.820008436322263,0.8217054263565892,85
b,44,E,1.2,transformer,base,own,0.7183108531127542,0.5261704720189739,0.8969428007889546,91
b,44,E,1.2,transformer,corr,own,0.6463992642992453,0.618447370032655,0.881163708086785,91
b,44,E,1.5,transformer,base,own,0.5415299663668798,1.0941778272203853,0.8305681246857717,90
b,44,E,1.5,transformer,corr,own,0.5215444828525162,1.1795216770560832,0.7988939165409753,90
b,44,E,2.0,transformer,base,own,0.6423614242796585,0.8123949166402648,0.8696969696969696,83
b,44,E,2.0,transformer,corr,own,0.726301573592429,0.7184345798498538,0.8042424242424242,83
