seed,system,J,index,t2,t2_scaled,t2_censored,t2e,t2e_scaled,t2e_censored
42,TFIM,0.2,0,1.1425968862075582,1.1125697124063822,False,1.2663585351430424,1.2345567205930112,False
42,TFIM,0.2,1,5.0920177910763496,5.005285619690264,False,4.783211490089045,4.714449407314708,False
42,TFIM,0.2,2,3.2461021732905344,3.223640581300418,False,6.210997838673162,6.133030144159106,False
42,TFIM,0.2,3,1.2794269408923329,1.2507844715400318,False,1.3077244845131997,1.2861560291416885,False
42,TFIM,0.2,4,4.4626852961731425,4.42870229777036,False,5.886887778676684,5.803701199784144,False
42,TFIM,0.2,5,1.0629867920809979,1.0423263004450374,False,1.314662525072684,1.2853596710646935,False
42,TFIM,0.2,6,6.655353748424957,6.623291941616365,False,6.719043583997125,6.659484140320287,False
42,TFIM,0.2,7,4.988165708079053,4.95807829282966,False,5.108208956132504,5.031801839697186,False
42,TFIM,0.2,8,8.706067048779973,8.672131847442836,False,8.458425025502097,8.36765442598066,False
42,TFIM,0.2,9,1.9032488874527593,1.8861025146292096,False,2.445264563292509,2.401376137267145,False
42,TFIM,0.2,10,3.315676732937641,3.277993905018699,False,3.0687455587280685,3.0187922221276233,False
42,TFIM,0.2,11,2.000947981547429,1.970132026826552,False,1.8752914613955753,1.840889745037846,False
42,TFIM,0.2,12,1.466200656723646,1.4315506072727089,False,1.5835538820767185,1.5517487475094378,False
42,TFIM,0.2,13,4.0069386800905615,3.9639438411195886,False,4.1725617123404,4.108796254759115,False
42,TFIM,0.2,14,5.421583281465857,5.3752548110827645,False,5.348017170080604,5.281812336805175,False
42,TFIM,0.2,15,2.091925090030279,2.0773424662341764,False,2.738147831508706,2.6861748808742822,False
42,TFIM,0.2,16,4.793178046032763,4.772800500159308,False,5.744017655837182,5.669384913352,False
42,TFIM,0.2,17,2.2107263309167826,2.178776380746794,False,2.5830280609703733,2.531820926553826,False
42,TFIM,0.2,18,2.2969623680169744,2.246408663326785,False,2.324873424067322,2.283799112087871,False
42,TFIM,0.2,19,4.343641887277377,4.318348633802132,False,4.549062988006036,4.482494866327241,False
42,TFIM,0.2,20,7.9988550269611975,7.967445969716807,False,7.868475338894217,7.7874020847730625,False
42,TFIM,0.2,21,1.8188417079933117,1.7692088609584091,False,1.7031223186584503,1.6721928329808784,False
42,TFIM,0.2,22,7.05286261328454,7.018677328038653,False,6.528950279864095,6.4670536454849525,False
42,TFIM,0.2,23,1.3308203206872484,1.282819843168872,False,1.2506546089244543,1.2259285964633289,False
42,TFIM,0.2,24,3.3356871920913096,3.2964409409482887,False,4.156049016421473,4.107349623313128,False
42,TFIM,0.2,25,3.785710341541932,3.7272673075692064,False,3.88193318343992,3.8178164269444608,False
42,TFIM,0.2,26,5.957900202936639,5.9170655686489715,False,6.056377559397368,5.984521299248573,False
42,TFIM,0.2,27,2.808695143609363,2.7719360288194546,False,1.8707284745329087,1.8267971901360052,False
42,TFIM,0.2,28,7.447612299141276,7.4097794452621475,False,8.183010676568792,8.083992913120909,False
42,TFIM,0.2,29,1.486518666574465,1.4642962337955978,False,1.5518532324296883,1.5245838541251422,False
42,TFIM,0.2,30,3.519584290475346,3.497844140993957,False,4.357188470441028,4.310164681739105,False
42,TFIM,0.2,31,5.713924583647021,5.678976652892468,False,4.944349151059713,4.8585669468017025,False
42,TFIM,0.2,32,3.9612721242539872,3.9418168132421276,False,6.064117994685593,5.929386592613159,False
42,TFIM,0.2,33,2.078188785730305,2.0243277480310664,False,2.032838443753638,1.9846117418873064,False
42,TFIM,0.2,34,6.617739439533532,6.581337457090566,False,6.199730152933893,6.138300689252224,False
42,TFIM,0.2,35,1.6727615410275614,1.632279846583817,False,1.3965325136505844,1.368071966953115,False
42,TFIM,0.2,36,7.229587250136113,7.1999542606631355,False,6.11247199075379,5.989926780726922,False
42,TFIM,0.2,37,5.651003984959188,4.610457387742084,False,5.479990289832303,5.410196151132054,False
42,TFIM,0.2,38,6.737773331892826,6.717564634839221,False,7.219023786348858,7.119751351815816,False
42,TFIM,0.2,39,3.7535704916157284,3.725178925402575,False,3.9654539625553005,3.866948588799845,False
42,TFIM,0.2,40,1.021215216457554,1.0034242133942273,False,1.0981938570880219,1.0771699057568611,False
42,TFIM,0.2,41,1.66172306390271,1.6376880062052603,False,1.5799197903853308,1.5556034741945715,False
42,TFIM,0.2,42,3.416104877875164,3.3820826240521704,False,3.5970356490430646,3.533538576478038,False
42,TFIM,0.2,43,5.633076386885789,5.605579811898707,False,4.257299935884836,4.193720334265139,False
42,TFIM,0.2,44,7.598094453857011,7.543322840924296,False,8.032863840656972,7.950837659020065,False
42,TFIM,0.2,45,1.9330655765817009,1.9038810013309568,False,2.3395000007807716,2.2967445381865756,False
42,TFIM,0.2,46,12.00177082150649,11.344274504435889,False,11.397146204683832,11.19592371414448,False
42,TFIM,0.2,47,2.366932568244425,2.3418497886869374,False,2.3117659439769906,2.2716129353417056,False
42,TFIM,0.2,48,6.42796810713201,6.403953173450007,False,6.1163515183513795,6.0476413819530075,False
42,TFIM,0.2,49,4.592276006962002,4.562171571786007,False,4.435293656291644,4.3675565168109385,False
42,TFIM,0.2,50,6.467860397568018,5.5963224756161045,False,6.151942987812089,6.062377125549105,False
42,TFIM,0.2,51,3.2761215266696193,3.244365171414321,False,2.7605689531107003,2.711642554180045,False
42,TFIM,0.2,52,2.395532507630931,2.366991579440605,False,2.3146179171658585,2.275274606301369,False
42,TFIM,0.2,53,2.2235886716035185,2.18917422150819,False,1.6830257622992713,1.6556452812074183,False
42,TFIM,0.2,54,2.1658163030684783,2.0975367335822344,False,2.136665544426483,2.095916712679722,False
42,TFIM,0.2,55,5.271987034191847,5.232132757633414,False,4.703645690572888,4.632586443033553,False
42,TFIM,0.2,56,7.659359780373581,7.6325113582763375,False,7.288882768737092,7.198311953504003,False
42,TFIM,0.2,57,2.1214837226387444,2.0966137298644822,False,1.9049042237170646,1.8728959464642945,False
42,TFIM,0.2,58,8.046875605376615,8.02013467200758,False,8.360538343646562,8.242180334833177,False
42,TFIM,0.2,59,1.9627922385563805,1.9452473715018601,False,2.30645768058241,2.2505793613228,False
42,TFIM,0.2,60,7.1687165847914605,7.121477518626154,False,7.787835338411754,7.651708726020029,False
42,TFIM,0.2,61,6.402153201582865,6.363578319177922,False,5.027573197719924,4.954246092979154,False
42,TFIM,0.2,62,5.288120399146843,5.26598175718012,False,5.955377547325998,5.845987635067468,False
42,TFIM,0.2,63,2.0522746387685467,2.004738992809993,False,1.8652101457534245,1.8327107409882541,False
42,TFIM,0.2,64,7.02289580121499,6.992995259719023,False,6.452268016612834,6.374542153636856,False
42,TFIM,0.2,65,1.1633734892959853,1.1460288117336854,False,1.1251452679270852,1.1022635607970268,False
42,TFIM,0.2,66,1.9173440768527565,1.8822706507623368,False,2.3205416687428317,2.279755781239485,False
42,TFIM,0.2,67,4.26899970825268,4.242596120846025,False,4.760832931625543,4.685157822399736,False
42,TFIM,0.2,68,6.776696890701125,6.756890214268182,False,6.947229123511691,6.833263835166224,False
42,TFIM,0.2,69,2.8872406238670973,2.843876414071319,False,2.534642961446564,2.488274791815663,False
42,TFIM,0.2,70,5.307049967900681,4.224051373271065,False,4.845657969342316,4.760613085866964,False
42,TFIM,0.2,71,3.1148946901133385,3.054295592367512,False,1.9877871185492508,1.9365703719269953,False
42,TFIM,0.2,72,2.3197777767302687,2.2885517552288013,False,2.053946400501869,2.0061772220156757,False
42,TFIM,0.2,73,4.802721637464945,4.77506784696088,False,4.8762854817663195,4.815096098661185,False
42,TFIM,0.2,74,4.868305868300819,4.855611958592882,False,5.60442581999316,5.513289125525671,False
42,TFIM,0.2,75,2.0181356892947524,1.9938782112010318,False,2.1992975718958157,2.138730005779386,False
42,TFIM,0.2,76,3.7402587079964658,3.6978054053135954,False,4.208539613267254,4.139698083165104,False
42,TFIM,0.2,77,1.6931142864622282,1.6665335357568323,False,1.5801929909501136,1.551391982244295,False
42,TFIM,0.2,78,3.690147839936057,3.6557706700140513,False,3.8861216001592607,3.814188956030921,False
42,TFIM,0.2,79,5.164375052870058,5.125542887144582,False,5.1080039009231255,5.055432413839423,False
42,TFIM,0.2,80,2.859940503064928,2.8354909500051177,False,3.9909992568706274,3.9165178194454753,False
42,TFIM,0.2,81,1.9329221426747591,1.9120569004272565,False,1.8839876970718392,1.8484739073201952,False
42,TFIM,0.2,82,4.391913643475796,4.361730366358284,False,3.858549862671921,3.800575624228742,False
42,TFIM,0.2,83,1.974576711916563,1.9438967946136274,False,1.4333417431575193,1.4014174233160521,False
42,TFIM,0.2,84,2.965528363743123,2.944596049917904,False,3.5396706735622847,3.4884106950468317,False
42,TFIM,0.2,85,5.576260340865539,5.530367787454364,False,5.380366560649151,5.3066898166310175,False
42,TFIM,0.2,86,5.786919526808782,5.755666413019999,False,5.27445657653702,5.193953902201401,False
42,TFIM,0.2,87,3.556528492529059,3.5193631048852705,False,2.4855925340970417,2.421610270091123,False
42,TFIM,0.2,88,6.830040774432357,6.807507971160854,False,6.198010805263959,6.136105300254345,False
42,TFIM,0.2,89,2.1613968619330044,2.102047625066876,False,1.7091731643221595,1.676119427305775,False
42,TFIM,0.2,90,2.194126799904294,2.153307594967705,False,2.1440900813279127,2.0842072418994366,False
42,TFIM,0.2,91,3.4989216489699855,3.471646476548279,False,4.794737421450963,4.732171269271862,False
42,TFIM,0.2,92,6.669075918947704,6.615244546751304,False,7.797226891007325,7.69055896940844,False
42,TFIM,0.2,93,3.197503551742165,3.168729719435839,False,2.954070026524638,2.899202815160767,False
42,TFIM,0.2,94,10.58088174194714,10.533265268968847,False,10.943182167831985,10.83359301151066,False
42,TFIM,0.2,95,2.0652475506448713,1.7943556620984433,False,1.7702076756525476,1.72950868764209,False
42,TFIM,0.2,96,1.9867593239420867,1.9679157684429358,False,2.1156841191637286,2.0653013211409426,False
42,TFIM,0.2,97,5.700488870227066,4.9955339390746145,False,4.392117931890382,4.334380818593303,False
42,TFIM,0.2,98,7.1398467565500106,7.091715617628246,False,7.392776535272403,7.30272736015039,False
42,TFIM,0.2,99,2.551298193856039,2.5199298791414786,False,2.309019227223668,2.268479653789,False
42,TFIM,0.8,0,2.1598112608317614,2.1425134353362947,False,2.201581556387499,2.124441704354463,False
42,TFIM,0.8,1,5.267773151478429,5.257469146765928,False,5.806266244515104,5.728511240503297,False
42,TFIM,0.8,2,4.3892714741540795,4.37455554113686,False,3.875120656098748,3.816224991376552,False
42,TFIM,0.8,3,1.6773430139859875,1.6588597314348112,False,1.3697461484554676,1.343178227083192,False
42,TFIM,0.8,4,3.249571744245909,3.2375007296108906,False,3.8351467628926237,3.7650793774341613,False
42,TFIM,0.8,5,0.9739527081585042,0.9675748851939453,False,2.98366234554938,2.933040656731278,False
42,TFIM,0.8,6,3.515270616262295,3.5061964790578637,False,3.6775213281367316,3.5627343136950222,False
42,TFIM,0.8,7,4.604335009968789,4.59432830134274,False,5.603971332161303,5.561289401797026,False
42,TFIM,0.8,8,6.809105225257521,6.803343391664855,False,7.840410341882538,7.78046164897815,False
42,TFIM,0.8,9,3.0820392371023484,3.0563867924185,False,2.5468970363851344,2.517129694373919,False
42,TFIM,0.8,10,3.3809267159678766,3.3714591013195454,False,3.0054236254748057,2.9769778779288187,False
42,TFIM,0.8,11,3.289965922949395,3.26721471288621,False,2.525273253821904,2.4733445650437065,False
42,TFIM,0.8,12,1.6990079043974262,1.6311847393194543,False,1.1928808651940712,1.1647599396784982,False
42,TFIM,0.8,13,3.6116159254275884,3.5887684216767135,False,3.536218157965621,3.5060521884104534,False
42,TFIM,0.8,14,5.479624796528963,5.46549646040669,False,6.603070917000788,6.540068692305412,False
42,TFIM,0.8,15,2.500207810389247,2.4816557571017848,False,2.4482861673270144,2.3991175739939536,False
42,TFIM,0.8,16,5.36154522932283,5.341147569757969,False,5.384167966661964,5.343291737073482,False
42,TFIM,0.8,17,1.917890215934005,1.9009059036040843,False,1.5797089466363363,1.5668089698492462,False
42,TFIM,0.8,18,2.432459120426099,1.4579574896745093,False,2.0103068247320737,1.9755646837354413,False
42,TFIM,0.8,19,7.028857656846251,7.018618418135144,False,6.671378577748693,6.596904711868251,False
42,TFIM,0.8,20,7.562714866895483,7.524315178096786,False,8.379678737642006,8.320653514227223,False
42,TFIM,0.8,21,1.0558753566785244,1.0430547615774068,False,1.1248706177965384,1.0994656764251243,False
42,TFIM,0.8,22,5.4121687200351705,5.3848107009783535,False,6.043916860910344,5.979114433981286,False
42,TFIM,0.8,23,1.9106870361885038,1.862012210896721,False,1.4741206250869028,1.4494666277221333,False
42,TFIM,0.8,24,2.9353530119319005,2.9289495712816604,False,4.733442045475086,4.549814145753587,False
42,TFIM,0.8,25,3.9696242075392916,3.957229289426752,False,4.365225967787361,4.242202227877893,False
42,TFIM,0.8,26,4.5904929468251625,4.571497280678433,False,4.767179973713627,4.530746499804727,False
42,TFIM,0.8,27,3.8597073716274966,3.8357902797314485,False,2.3316996689501788,2.308234790094938,False
42,TFIM,0.8,28,2.415136597390834,2.4073628696629203,False,3.259026496393107,3.225791665890826,False
42,TFIM,0.8,29,1.8842687571814611,1.86740005191986,False,1.5470970285118557,1.5284513585882453,False
42,TFIM,0.8,30,4.557277265626648,4.548631888033737,False,5.00878018960251,4.883005938105877,False
42,TFIM,0.8,31,5.65751415713009,5.648671351093249,False,6.404627312051756,6.352291100456932,False
42,TFIM,0.8,32,5.133347187487474,5.100531103275878,False,6.489364003842677,6.418378419385222,False
42,TFIM,0.8,33,3.0706146020658056,3.0544195751072447,False,2.569456011588109,2.540691848205174,False
42,TFIM,0.8,34,2.160895989448341,2.1559314516812793,False,2.783000819042597,2.7422682082423426,False
42,TFIM,0.8,35,0.806092786185527,0.7921635564321476,False,0.8838673736136061,0.8614601425389854,False
42,TFIM,0.8,36,2.8293852281235092,2.8013563935512806,False,2.711063116404339,2.6454137529970887,False
42,TFIM,0.8,37,4.206387760347618,4.1978919520329425,False,4.006302641038528,3.9356286939307883,False
42,TFIM,0.8,38,9.331769571345337,9.323461871361443,False,8.330058692772926,8.157590759577516,False
42,TFIM,0.8,39,2.025795158029662,2.0114991139796023,False,1.7122642777557342,1.6977133773971382,False
42,TFIM,0.8,40,4.074691566571706,2.883175983953028,False,4.417299128464027,4.3369830421878985,False
42,TFIM,0.8,41,1.3507277499072088,1.3298717078314146,False,1.1015318184648313,1.084714600926483,False
42,TFIM,0.8,42,1.7846918008822938,1.7714809584168134,False,1.8135425395450742,1.7690531311601108,False
42,TFIM,0.8,43,5.643532196166703,5.634821556392449,False,6.038884379447186,5.929918202410816,False
42,TFIM,0.8,44,3.1964736617789944,3.172227709885661,False,3.3488077539488126,3.313626268928844,False
42,TFIM,0.8,45,2.902471836162245,2.86874986278944,False,2.578226715688931,2.5459333050465505,False
42,TFIM,0.8,46,7.121722348625827,7.0690461287223885,False,5.170249937573223,5.111957553369928,False
42,TFIM,0.8,47,2.2773053612267034,2.263019857239945,False,1.8617655141498215,1.8417425832360745,False
42,TFIM,0.8,48,9.088467058510556,7.629259510568532,False,5.820449005600124,5.7765896705449045,False
42,TFIM,0.8,49,5.644949003200433,5.629943714789664,False,5.31806439825002,5.267372683822239,False
42,TFIM,0.8,50,6.36578975512885,6.3229392359201535,False,4.655924452440222,4.606777461089394,False
42,TFIM,0.8,51,2.9215925899758663,2.899119130608497,False,1.7833439405565121,1.7203642042425014,False
42,TFIM,0.8,52,9.761663801804163,9.74830859037516,False,10.460274038756136,10.335213627473694,False
42,TFIM,0.8,53,2.143491754790033,2.094184669008778,False,1.5193019160330286,1.4992389052018178,False
42,TFIM,0.8,54,3.019037327209229,3.0086669818008454,False,2.6533321544646165,2.6198031722297985,False
42,TFIM,0.8,55,4.67151956542994,4.649050910890196,False,4.2070598351083985,4.165287900038463,False
42,TFIM,0.8,56,8.36422440659852,8.349693614969695,False,7.773034025312123,7.689436486577188,False
42,TFIM,0.8,57,1.8487131086750446,1.828986556083707,False,1.6283828872607065,1.6109643316765165,False
42,TFIM,0.8,58,3.272168595464546,3.2663534440421937,False,3.4258226217029226,3.263836653343378,False
42,TFIM,0.8,59,1.9956043731058957,1.9815805123044707,False,1.6232936789890224,1.5903300131103435,False
42,TFIM,0.8,60,3.7624726778428736,3.753578483138354,False,4.36515847792251,4.319898042988946,False
42,TFIM,0.8,61,4.856318108596958,4.8462980959566275,False,4.550769646624188,4.508246296455573,False
42,TFIM,0.8,62,11.868802446939569,10.89489217676866,False,9.047592789957148,8.969253527514821,False
42,TFIM,0.8,63,1.2803434099908273,1.2596009965718453,False,1.6287281658277686,1.5887145994377743,False
42,TFIM,0.8,64,6.8314634200164015,6.804047665553296,False,7.024651891815754,6.67321446509336,False
42,TFIM,0.8,65,1.0387795342234711,1.0280290567957795,False,1.1565216629553174,1.120534588133015,False
42,TFIM,0.8,66,2.4741441792625625,2.461233326403269,False,2.380863576095467,2.354834556558749,False
42,TFIM,0.8,67,3.4710660616796565,3.44609353787835,False,4.968386564712963,4.923080346220437,False
42,TFIM,0.8,68,7.8599926715786195,7.8453950572059075,False,7.005905541232078,6.881583759363623,False
42,TFIM,0.8,69,1.626341087308437,1.6201496728048825,False,1.695834183187157,1.6430751712951552,False
42,TFIM,0.8,70,8.223495124703897,8.215256808994416,False,8.91697053614095,8.82902117466855,False
42,TFIM,0.8,71,11.763000172160934,11.697679205003201,False,3.924663219564242,3.8679631196410678,False
42,TFIM,0.8,72,3.4396576411940027,3.427191484663221,False,2.759951389129032,2.73066361406675,False
42,TFIM,0.8,73,6.000252784123508,5.9780062152099065,False,5.429000160977249,5.383521051885,False
42,TFIM,0.8,74,13.325698733522001,13.232391510454809,False,7.072964412452529,7.022904652682034,False
42,TFIM,0.8,75,2.606983392365681,2.484490391258291,False,2.170993603598913,2.1100618558619737,False
42,TFIM,0.8,76,4.799746349485317,4.790319039375293,False,4.669598694192296,4.59429701465326,False
42,TFIM,0.8,77,3.456607316631794,3.448909693921946,False,4.176781503904942,4.120766982521491,False
42,TFIM,0.8,78,1.8769939774705722,1.867012665896683,False,1.741662234262973,1.6948350172187,False
42,TFIM,0.8,79,5.308834537440568,5.297925796299881,False,6.475110915359426,6.403515056409027,False
42,TFIM,0.8,80,7.275852518475786,7.253151023803384,False,7.635377517933485,7.46313303089162,False
42,TFIM,0.8,81,2.9921440462096247,2.9796354600654724,False,2.6730504524028955,2.63816103688379,False
42,TFIM,0.8,82,4.351725200998717,4.339379256176118,False,4.062394003629358,4.013476677417992,False
42,TFIM,0.8,83,1.880986765514841,1.821703890153973,False,1.621740255388338,1.596701729116823,False
42,TFIM,0.8,84,6.9109864390257,6.873220554857596,False,5.247721577484303,5.202125291775,False
42,TFIM,0.8,85,5.565167450373587,5.552408155186494,False,5.087160685206264,5.045180692607889,False
42,TFIM,0.8,86,3.9761999720003534,3.968422335176283,False,4.619848491767349,4.543676556031593,False
42,TFIM,0.8,87,2.069867346486405,2.0635014610262994,False,1.9863861966699505,1.9211224864751288,False
42,TFIM,0.8,88,11.40891764923384,11.230445760586942,False,8.472581877051354,8.38036990447726,False
42,TFIM,0.8,89,2.0575836629733737,2.0428070098330164,False,1.4739664015525704,1.4497607514013313,False
42,TFIM,0.8,90,1.895399927951757,1.889072764224328,False,1.77592119674605,1.7403131789009507,False
42,TFIM,0.8,91,4.774550396114637,4.762448168817222,False,4.69488504460546,4.652930541779423,False
42,TFIM,0.8,92,3.5076298442520857,3.4985402515691892,False,4.483413200117399,4.436943634728917,False
42,TFIM,0.8,93,1.6789327315309768,1.6724155441273163,False,1.8307825412434193,1.742202090535242,False
42,TFIM,0.8,94,8.286928314172274,8.27582393677196,False,8.086777101655118,8.016722809557082,False
42,TFIM,0.8,95,2.4697757795391677,2.4552577864514427,False,2.0050099111326087,1.982371274857071,False
42,TFIM,0.8,96,3.3169302196007244,3.301515598650486,False,2.8662036465984824,2.836449922141662,False
42,TFIM,0.8,97,5.774199574984767,5.765259662926471,False,4.641266025471401,4.493883095011056,False
42,TFIM,0.8,98,5.295401261697415,5.218164850880217,False,7.459813376304131,7.405858121653476,False
42,TFIM,0.8,99,4.747924037540778,4.604402375395555,False,2.973310784692053,2.9079742848081773,False
42,TFIM,1.5,0,1.7713060289556601,1.7524106242682826,False,1.5156125350509668,1.498357670421349,False
42,TFIM,1.5,1,3.9784343963636224,3.9743343026597544,False,4.323251889626557,4.269505629354214,False
42,TFIM,1.5,2,5.597324785949111,5.592337848734789,False,5.197873708009065,5.15476182053001,False
42,TFIM,1.5,3,2.9258210111857106,2.912249570945459,False,2.3879170001286,2.3615045336535707,False
42,TFIM,1.5,4,5.658039923660646,5.637019584895832,False,3.4982138300408714,3.4570353956584414,False
42,TFIM,1.5,5,2.0832086662006892,2.0727689114389145,False,1.538609747191753,1.5214783464643966,False
42,TFIM,1.5,6,1.7729945768017386,1.7676796543172473,False,1.4190821741950406,1.4025773903153858,False
42,TFIM,1.5,7,4.07358796399982,4.070966394160069,False,4.436010493076818,4.3760588866023,False
42,TFIM,1.5,8,4.736937826497542,4.7341947368314,False,6.965313723569293,6.900452191531181,False
42,TFIM,1.5,9,2.5722779256145776,2.522515965348785,False,1.9546794501967286,1.9321175692276462,False
42,TFIM,1.5,10,5.577571241193168,5.5704515300713275,False,6.312868760524452,6.273853431314455,False
42,TFIM,1.5,11,3.1863668599695396,3.1638975146640487,False,2.2192987615532203,2.182071636201744,False
42,TFIM,1.5,12,2.2812628235743206,2.2592409938362934,False,1.5958714762811737,1.5634441941511263,False
42,TFIM,1.5,13,2.762054555989367,2.732710002725715,False,2.7383083434353948,2.7075039899237217,False
42,TFIM,1.5,14,3.977303455689916,3.972876069869,False,4.622486759167833,4.513496255822327,False
42,TFIM,1.5,15,3.370393651299838,3.355240048088255,False,2.269709508178246,2.2333693246587014,False
42,TFIM,1.5,16,4.98157368067241,4.9720557724031895,False,5.477829378412242,5.408393003820943,False
42,TFIM,1.5,17,2.7681929841007475,2.747549499963769,False,1.3656066098508466,1.3518863580871472,False
42,TFIM,1.5,18,2.2839418285770288,2.276899991197195,False,2.0823300360020975,2.0622968827777863,False
42,TFIM,1.5,19,2.694885568010606,2.6884105834888596,False,3.4580654341029455,3.4179956818606003,False
42,TFIM,1.5,20,7.757414148900913,7.750786872460004,False,7.229287519175,7.1878516115354305,False
42,TFIM,1.5,21,0.8626194273837534,0.807584074173993,False,1.7689728354335645,1.749665294855828,False
42,TFIM,1.5,22,2.3365729537356206,2.294078837852029,False,3.00967063210746,2.984659414809313,False
42,TFIM,1.5,23,0.7916430929124881,0.7850136919683361,False,1.4550040915268532,1.436267334756843,False
42,TFIM,1.5,24,3.807524235725992,3.79830616925341,False,5.73040142613806,5.688119560877982,False
42,TFIM,1.5,25,3.4878356080356414,3.480216681704366,False,4.144986653640804,4.114391767110534,False
42,TFIM,1.5,26,5.14789821931504,5.126564105905242,False,4.878275506950714,4.835156491057602,False
42,TFIM,1.5,27,5.043417819064383,4.175575390154411,False,2.1771891755167183,2.1570887920627198,False
42,TFIM,1.5,28,3.3516200619708316,3.3465712340374005,False,4.367430076678656,4.334795517471456,False
42,TFIM,1.5,29,2.7628318553951776,2.6952928877470272,False,2.1069131852950296,2.0820091882518343,False
42,TFIM,1.5,30,4.432031249555945,4.412856528082049,False,3.3203911443661056,3.2734468180058798,False
42,TFIM,1.5,31,4.872482157190011,4.864685358634729,False,4.283322117432323,4.244512004977419,False
42,TFIM,1.5,32,4.717782691849192,4.714693288882242,False,6.602635605230156,6.548934951267182,False
42,TFIM,1.5,33,2.6525852982094227,2.634607923896783,False,2.0529823041642254,2.031447791557982,False
42,TFIM,1.5,34,4.487576451942561,4.486878190009452,False,7.547524669104071,7.500636325328786,False
42,TFIM,1.5,35,1.6691861905962362,1.661140799997403,False,1.6772266558463798,1.6448987162369746,False
42,TFIM,1.5,36,1.1999233993247067,1.1811497720546846,False,1.7796825360885553,1.761341748152162,False
42,TFIM,1.5,37,3.6984504122091826,3.6959099674056977,False,4.801443200364767,4.692072667761515,False
42,TFIM,1.5,38,7.197024807732583,7.1628251414705995,False,3.9166200804164952,3.8765813753272633,False
42,TFIM,1.5,39,2.9777950770492017,2.96052945833818,False,2.295603646051395,2.2421252695162965,False
42,TFIM,1.5,40,2.2268510383057416,2.2159645519064473,False,2.9624658877657026,2.918118193983001,False
42,TFIM,1.5,41,1.6728333835030622,1.6633498947584353,False,1.291255329470775,1.2745192222088901,False
42,TFIM,1.5,42,1.4790810050118748,1.471322758868441,False,1.3857752406236774,1.3649444869274714,False
42,TFIM,1.5,43,6.083111448066548,6.077354953955538,False,4.652832299229689,4.581230873864433,False
42,TFIM,1.5,44,5.408230744322468,5.37948751757061,False,6.266240792833982,6.202181314308679,False
42,TFIM,1.5,45,1.5092539235999876,1.4993977698862468,False,2.275153823609045,2.2508688453856753,False
42,TFIM,1.5,46,11.973712872213971,11.396583903796225,False,8.101195752192982,8.036507617506752,False
42,TFIM,1.5,47,1.9890151342662756,1.9617998203602824,False,1.4753869204622132,1.456738583261048,False
42,TFIM,1.5,48,9.199043069399927,9.180801375505634,False,5.247240391463944,5.161888949828122,False
42,TFIM,1.5,49,3.8886368283776016,3.8777166331082045,False,4.4513562354626055,4.384299462518069,False
42,TFIM,1.5,50,7.875570505116789,7.825531515901533,False,5.097702968526226,5.056593804485331,False
42,TFIM,1.5,51,5.94919535800807,5.928737600675189,False,2.8093452226298825,2.6624934292495035,False
42,TFIM,1.5,52,3.280642868159849,3.2632947856792263,False,2.5605083989533473,2.522315955653886,False
42,TFIM,1.5,53,3.8035391263963008,3.7574304594025105,False,1.6068034972382113,1.5810803144015173,False
42,TFIM,1.5,54,2.7572739555286048,2.751587880908837,False,3.3945467080244995,3.349492153864554,False
42,TFIM,1.5,55,4.208492979756204,4.2043660532281,False,4.298339169383189,4.120393999032974,False
42,TFIM,1.5,56,6.308218076650325,6.2990143534840275,False,4.710338297891186,4.6612349107855415,False
42,TFIM,1.5,57,1.9687376105558099,1.937845229078688,False,2.4061217432449853,2.361861399416012,False
42,TFIM,1.5,58,11.595483082525838,11.583380553153654,False,10.586280997625273,10.067741706912695,False
42,TFIM,1.5,59,2.865443716162609,2.817195996102071,False,2.075316889282801,2.049367807374841,False
42,TFIM,1.5,60,4.477137471858463,4.464944028222454,False,3.742666489709067,3.6919940204995076,False
42,TFIM,1.5,61,4.227135859107055,4.224373959513996,False,4.7717825148489315,4.7134864191776025,False
42,TFIM,1.5,62,10.111148183575468,9.540879373438402,False,6.3988897760568095,6.365818167958761,False
42,TFIM,1.5,63,2.0265605062447745,2.0121417420201975,False,1.7678003993703588,1.7469133842688138,False
42,TFIM,1.5,64,7.028417927684062,5.9754125753885345,False,6.751229990944539,6.689335369595236,False
42,TFIM,1.5,65,0.9689450691846004,0.9492339984199397,False,1.41371847763139,1.3244672200883372,False
42,TFIM,1.5,66,2.352114478189008,1.485643263140544,False,2.331455789955564,2.3061968845298693,False
42,TFIM,1.5,67,2.815807704821684,2.805811840267013,False,4.066250844963598,4.017947383671105,False
42,TFIM,1.5,68,11.351754868501859,11.30798203825533,False,6.471602528269674,6.437822632431556,False
42,TFIM,1.5,69,1.5721238353645761,1.567437007327168,False,3.1045506557804075,2.7558134580877285,False
42,TFIM,1.5,70,6.950450725608339,6.92145847625715,False,4.031762837236348,3.9969237718543735,False
42,TFIM,1.5,71,11.338393776788298,11.295026962562332,False,3.133712820925029,3.0992920250380718,False
42,TFIM,1.5,72,6.835558466340108,6.799117418380896,False,2.5645234231348555,2.5290333828881373,False
42,TFIM,1.5,73,7.541908744618509,7.503693390525606,False,4.84232816765358,4.812553928845451,False
42,TFIM,1.5,74,20.0,20.0,True,5.912118400871566,5.881584687916306,False
42,TFIM,1.5,75,4.318401306701597,4.17822549700489,False,2.7317384746893123,2.662282090673957,False
42,TFIM,1.5,76,10.130859755086389,9.287146415593014,False,7.365784654333137,7.318157317543815,False
42,TFIM,1.5,77,1.855174060340915,1.7993426826073602,False,2.1730425372234468,2.1388219323481636,False
42,TFIM,1.5,78,2.958959624553787,2.95472924828357,False,3.6068281160434172,3.574249700272747,False
42,TFIM,1.5,79,4.6450198644894565,4.64115551439967,False,6.690517353756781,6.6410988545857705,False
42,TFIM,1.5,80,6.460730473120853,6.452778397357025,False,7.145375876847135,7.102533724656922,False
42,TFIM,1.5,81,1.5544871710092365,1.5496591923243601,False,1.5008993502808103,1.4708743001058968,False
42,TFIM,1.5,82,5.003383252770047,4.99853170494619,False,5.693500322275864,5.652468287570146,False
42,TFIM,1.5,83,0.6798394288414881,0.6743518652884551,False,1.2182776082744498,1.1971967250305564,False
42,TFIM,1.5,84,3.6122860219503132,3.592879245134266,False,3.02065637598846,2.9917852710699417,False
42,TFIM,1.5,85,4.790164109657943,4.780009447354012,False,4.1346922437168825,4.106716994435196,False
42,TFIM,1.5,86,7.175264353017235,7.16558562530738,False,5.616083772739694,5.563513422008232,False
42,TFIM,1.5,87,2.9496970488404397,2.0731434165174365,False,1.4004876752913415,1.3871471231516161,False
42,TFIM,1.5,88,8.078752531438406,7.384700210946498,False,3.892043069002249,3.8538577399860787,False
42,TFIM,1.5,89,4.164035725744864,4.149675816498363,False,2.6087442595467873,2.575016374778691,False
42,TFIM,1.5,90,2.9783895401043012,2.974896867138184,False,3.609709237517799,3.5758343116520748,False
42,TFIM,1.5,91,4.582158512326503,4.574283318249548,False,3.965823290105931,3.9348524155746367,False
42,TFIM,1.5,92,8.095050601821686,8.09271696977671,False,7.514656924888391,7.469521172157754,False
42,TFIM,1.5,93,1.594768538969503,1.5920368255487065,False,2.0298781412524103,2.008677714035005,False
42,TFIM,1.5,94,7.218329119391641,7.211028930769076,False,7.05157196936136,6.981810332033831,False
42,TFIM,1.5,95,2.1572000124114585,2.1509905607798565,False,1.8741157493514007,1.85931388428051,False
42,TFIM,1.5,96,5.303713584974963,5.288074989370094,False,3.6442365916935353,3.6175795515532636,False
42,TFIM,1.5,97,4.063556237920009,4.057459396466684,False,3.537039095836686,3.5081225649025267,False
42,TFIM,1.5,98,3.2939875628901163,3.2906005407525383,False,5.002949962088999,4.9287839204856665,False
42,TFIM,1.5,99,4.659865922669259,4.630067029049256,False,2.052870633257014,2.033396819625464,False
42,XXZ,0.2,0,1.1768650001262386,1.152559933754898,False,1.2868039249071184,1.2595466724272721,False
42,XXZ,0.2,1,4.2716248087990625,4.126355950726546,False,3.7222796908615057,3.6623870812851345,False
42,XXZ,0.2,2,4.702462992100827,4.677886842465856,False,5.839491134879717,5.743131164278316,False
42,XXZ,0.2,3,1.2969294415921604,1.2726598020466617,False,1.4516705922565636,1.4232361205439286,False
42,XXZ,0.2,4,5.67543258669875,5.644375495758953,False,6.013136243526399,5.930648499404361,False
42,XXZ,0.2,5,1.1057086181101121,1.0883547999145442,False,1.332004548662651,1.302329297544971,False
42,XXZ,0.2,6,6.001831159231291,5.96283653424093,False,5.935615465782627,5.876346384509356,False
42,XXZ,0.2,7,4.956216684131432,4.897863694635446,False,5.4027890318959955,5.326920413860583,False
42,XXZ,0.2,8,6.0217333085084706,5.985072207535233,False,8.137193732767704,8.052599398534845,False
42,XXZ,0.2,9,1.9796553694591281,1.932998920595484,False,2.268366506236649,2.229320575528846,False
42,XXZ,0.2,10,2.805994350623471,2.7541011582613666,False,2.9283394988720883,2.8787205867543664,False
42,XXZ,0.2,11,1.9750362368877112,1.9400001642616769,False,2.078049198319668,2.038644522409758,False
42,XXZ,0.2,12,1.4952909740210756,1.4671009529973933,False,1.672036845464099,1.6396280538416017,False
42,XXZ,0.2,13,3.2080094959182155,3.1712234133075476,False,3.154448385168395,3.108981587237419,False
42,XXZ,0.2,14,5.084573516420363,4.995078758231898,False,4.343784820564746,4.259508010692332,False
42,XXZ,0.2,15,1.7170615164086034,1.632004067701859,False,2.5241772167027445,2.4746159783850405,False
42,XXZ,0.2,16,5.388196406613842,5.335303038608735,False,5.0034600438905485,4.9162722958209875,False
42,XXZ,0.2,17,1.7128401185085236,1.6898566620827244,False,1.813468569643466,1.7904603624011046,False
42,XXZ,0.2,18,1.8560550476963802,1.8104058885688659,False,2.4230011569629095,2.3749188074321643,False
42,XXZ,0.2,19,5.321835428560351,5.266627918995854,False,4.939464395122361,4.87977179094818,False
42,XXZ,0.2,20,6.857293546896933,6.778268633741271,False,8.083727026373099,7.999875008729781,False
42,XXZ,0.2,21,2.134223012513845,2.0937844415987086,False,2.0419971563770294,1.9971423214733177,False
42,XXZ,0.2,22,6.027616747112231,5.960982839799871,False,6.65966234230419,6.58562442614278,False
42,XXZ,0.2,23,1.2955445160009582,1.270885579015011,False,1.1706478181346753,1.1479443025449318,False
42,XXZ,0.2,24,4.094591881054648,4.045976701510856,False,4.156415773634283,4.097474997383084,False
42,XXZ,0.2,25,4.032610161006776,3.965889580585693,False,4.144729260782341,4.0696823429735,False
42,XXZ,0.2,26,5.7068900536071245,5.6487582190544545,False,5.667171785046719,5.576562467844881,False
42,XXZ,0.2,27,2.324685212342285,2.289496869995345,False,1.695758573518014,1.6650893944846485,False
42,XXZ,0.2,28,7.221867371562876,7.1653370078810825,False,7.175234782748119,7.088297351365372,False
42,XXZ,0.2,29,1.2803345744819825,1.2604097172403403,False,1.6767056645392018,1.6429598066483646,False
42,XXZ,0.2,30,4.11166092722652,4.070039232571908,False,4.154998327918091,4.098040090462459,False
42,XXZ,0.2,31,5.8549823255986295,5.780251589516285,False,4.58123321759794,4.503050433238578,False
42,XXZ,0.2,32,5.504528308962683,5.469237998287944,False,6.143191986901939,6.041232595480095,False
42,XXZ,0.2,33,2.289033855986269,2.2498707937371045,False,2.0344654938245856,1.9996381697870749,False
42,XXZ,0.2,34,5.466653569763524,5.376186041714841,False,6.499321853099519,6.418982072367093,False
42,XXZ,0.2,35,1.2786091616163033,1.261547536031704,False,1.1913324005696924,1.1729274806689434,False
42,XXZ,0.2,36,7.393864414059813,7.327277691611369,False,6.508777944499236,6.399848969411597,False
42,XXZ,0.2,37,5.101979248177609,5.034258344832558,False,5.159179726552415,5.071061270288426,False
42,XXZ,0.2,38,7.012128226648042,6.9634658211121945,False,6.360685367238676,6.2789579344746205,False
42,XXZ,0.2,39,2.867353966468219,2.825532014101247,False,3.004863999420337,2.9614573803644975,False
42,XXZ,0.2,40,1.0871722124489787,1.066778612368245,False,1.2605467034560152,1.2316590323206846,False
42,XXZ,0.2,41,1.7791792067798784,1.7438393425688772,False,1.7255416167309745,1.6939126427591231,False
42,XXZ,0.2,42,3.1033068969427933,3.0564393700402706,False,2.994892960820119,2.9564186739654734,False
42,XXZ,0.2,43,6.3955194828461766,6.312471732864775,False,4.811980997244803,4.7379351977768245,False
42,XXZ,0.2,44,7.244774451831255,7.183657372518327,False,7.1694520967669755,7.101164234079184,False
42,XXZ,0.2,45,2.036958591926233,1.9901389568491965,False,2.110016160919533,2.0737877545936056,False
42,XXZ,0.2,46,10.647409312271328,10.537178526808033,False,11.286766303723878,11.147841059089505,False
42,XXZ,0.2,47,1.8746145121462594,1.8466192773546883,False,2.1924287871277888,2.1562435303146223,False
42,XXZ,0.2,48,6.4606940345674495,6.419998340404168,False,5.602036283193923,5.530574112672371,False
42,XXZ,0.2,49,3.832175767403737,3.766939450380253,False,3.6326146585220163,3.5774117175419855,False
42,XXZ,0.2,50,5.4394786100108945,5.3446459821334225,False,5.330929372216583,5.231495305165788,False
42,XXZ,0.2,51,2.1328807925442455,2.1144240159352665,False,2.4538628748065445,2.402591603504372,False
42,XXZ,0.2,52,2.8520735243743216,2.8029733293091654,False,2.8693256372935707,2.808253482437328,False
42,XXZ,0.2,53,2.148395211051671,2.111531437183317,False,1.8771044131199488,1.8377107852708179,False
42,XXZ,0.2,54,2.2436738372175857,2.1963939644253285,False,2.0031915577128743,1.9596464019724464,False
42,XXZ,0.2,55,4.853161267076599,4.74475557607165,False,4.85643113838158,4.782256853301067,False
42,XXZ,0.2,56,7.378350022334904,7.297945163089991,False,6.884499863502834,6.791494155907874,False
42,XXZ,0.2,57,2.0058630016740944,1.9725174412473576,False,2.023158225196657,1.9845279493208736,False
42,XXZ,0.2,58,7.4817067754883135,7.394542624462765,False,7.513823365537296,7.4220436078290595,False
42,XXZ,0.2,59,1.6880122656339145,1.658940836992086,False,2.029137956606015,1.9908781688830006,False
42,XXZ,0.2,60,6.392627788818615,6.347800218133739,False,7.199227361258758,7.085172864671773,False
42,XXZ,0.2,61,4.9739034378747915,4.8342899050841766,False,4.599568012988927,4.52183971548462,False
42,XXZ,0.2,62,5.686880757134352,5.546040660456812,False,5.445141374809203,5.341982321637238,False
42,XXZ,0.2,63,2.029011179167935,1.9834200023400548,False,1.9095038761452805,1.8643924163994345,False
42,XXZ,0.2,64,7.308200807051752,7.218082460466381,False,6.760902433367296,6.665590166503394,False
42,XXZ,0.2,65,1.2051343891090474,1.182630116402118,False,1.1761847465488555,1.1524286671273547,False
42,XXZ,0.2,66,1.8912174998945976,1.8507183118140096,False,1.9874949502574768,1.9555314939285913,False
42,XXZ,0.2,67,5.125160505970424,5.04951953049233,False,4.827809746295088,4.746520591102655,False
42,XXZ,0.2,68,7.427527796211377,7.382773849197636,False,7.367338987212174,7.2768345477879075,False
42,XXZ,0.2,69,2.037889718197092,2.009545722704106,False,2.0996069895776746,2.0653712590175335,False
42,XXZ,0.2,70,4.061088580788597,4.01632502070143,False,4.328557439661421,4.249171572343102,False
42,XXZ,0.2,71,2.7370887298877187,2.6902063604526725,False,1.9430729069985,1.9029330108475773,False
42,XXZ,0.2,72,2.2627818206307557,2.2264134338390416,False,2.0023888262709617,1.965097380801802,False
42,XXZ,0.2,73,5.651024217523958,5.578901792714939,False,6.016196519159197,5.939379301950963,False
42,XXZ,0.2,74,5.041209488601119,4.966490155634421,False,5.201993257024796,5.109368948113603,False
42,XXZ,0.2,75,2.1398795719163863,2.095056203878828,False,2.204732753627345,2.161590904246629,False
42,XXZ,0.2,76,3.511871086957106,3.4598459754393085,False,3.5891370228061343,3.53681545275436,False
42,XXZ,0.2,77,1.7653424018002966,1.730839174861373,False,1.8120207245987647,1.7747598120952741,False
42,XXZ,0.2,78,3.350908290787238,3.287337321706517,False,3.4797046591171785,3.422004677380828,False
42,XXZ,0.2,79,4.6028486222532905,4.542215718470264,False,4.761280869913491,4.689934459673457,False
42,XXZ,0.2,80,4.149375605452093,4.096992903025756,False,4.22741452141579,4.155461071569967,False
42,XXZ,0.2,81,1.433333976078646,1.4146343997169872,False,1.5578056687158406,1.5331625306459837,False
42,XXZ,0.2,82,3.09602053883921,3.0494030040210345,False,3.2357710065301206,3.1868694571721283,False
42,XXZ,0.2,83,1.4522853565051446,1.430433207867511,False,1.220938783973279,1.1988825559901202,False
42,XXZ,0.2,84,3.8000367584843007,3.747888654967418,False,3.5947712412221007,3.5302340098440648,False
42,XXZ,0.2,85,4.66602000833346,4.580976780339423,False,4.921226321436891,4.82959771121019,False
42,XXZ,0.2,86,5.649434362344014,5.533188661990317,False,4.408616847338693,4.326943344778224,False
42,XXZ,0.2,87,3.256058654075474,3.206974879305014,False,2.758493287169172,2.7043382337474595,False
42,XXZ,0.2,88,7.851724253465782,7.796537841922352,False,7.179283265744805,7.088644919280583,False
42,XXZ,0.2,89,2.061120746004909,2.0204560803437457,False,1.540726333137147,1.513467678066646,False
42,XXZ,0.2,90,2.1684730671574037,2.1332090927398557,False,1.9753960336593437,1.940661715140952,False
42,XXZ,0.2,91,4.630363858095932,4.5951043904528115,False,4.631333120305619,4.577690937549689,False
42,XXZ,0.2,92,9.705660017909233,9.610997326893091,False,8.647321913934256,8.569141483736283,False
42,XXZ,0.2,93,2.7508906646144724,2.713201988354419,False,2.6954313255069784,2.652941390472261,False
42,XXZ,0.2,94,9.32815566151648,9.214990147334948,False,9.379485938591982,9.284448782868683,False
42,XXZ,0.2,95,1.8171675056433256,1.7829196744144782,False,1.6999502972935947,1.66719050609727,False
42,XXZ,0.2,96,2.2541968372230174,2.2109243399953966,False,2.1178857985720954,2.0802459379238347,False
42,XXZ,0.2,97,3.672613599715323,3.642237526630078,False,3.102232429550335,3.060674261581002,False
42,XXZ,0.2,98,6.746263717473925,6.57194655676196,False,7.686513430537753,7.608613055665874,False
42,XXZ,0.2,99,2.171380244254193,2.1379366378642044,False,2.3129149102350626,2.270332179439145,False
42,XXZ,0.8,0,1.6518645486637353,1.6080635611175775,False,1.7234801383245488,1.6871129818087538,False
42,XXZ,0.8,1,6.548917005574256,6.526709273430143,False,6.349015559214909,6.272886086350871,False
42,XXZ,0.8,2,2.260327475908203,2.2550553472228603,False,3.766601433725339,3.70687375694386,False
42,XXZ,0.8,3,1.4407973564567527,1.401704973433152,False,1.5443451485601618,1.5148271580185073,False
42,XXZ,0.8,4,2.5096088806012937,2.5033340034247282,False,3.317779880587462,3.260646457596903,False
42,XXZ,0.8,5,2.2533053051708323,2.238122149181808,False,2.627564499304946,2.571811858479432,False
42,XXZ,0.8,6,3.643732836646368,3.6162782311132644,False,3.7074842296438133,3.643263216432476,False
42,XXZ,0.8,7,5.935999127223064,5.91207299022579,False,5.820988093681301,5.7378634661385695,False
42,XXZ,0.8,8,6.303866192391985,6.292864217497553,False,7.792254123250701,7.682591878336089,False
42,XXZ,0.8,9,2.1628691544582845,2.1526933330248776,False,2.5431298826829853,2.495821392058307,False
42,XXZ,0.8,10,2.5243170173968528,2.4697352435719946,False,2.6535737114061906,2.608317823938699,False
42,XXZ,0.8,11,1.9360473083327632,1.8815910541211607,False,2.131110831189211,2.0865248340057754,False
42,XXZ,0.8,12,1.2418938367641348,1.221507457908001,False,1.3304899593447095,1.303119235905455,False
42,XXZ,0.8,13,2.9813683151338175,2.935626860403887,False,3.048040965250195,2.997743476265223,False
42,XXZ,0.8,14,7.500011072102338,6.698164528058086,False,7.106551675199439,7.032142470251747,False
42,XXZ,0.8,15,2.153718492844553,2.144037832569984,False,2.513909473907663,2.465021916142253,False
42,XXZ,0.8,16,5.450254639859729,5.43695376819451,False,5.698624025714321,5.632403283426104,False
42,XXZ,0.8,17,1.2898018644787468,1.2686461008500833,False,1.3449117981118988,1.32281862962575,False
42,XXZ,0.8,18,1.2873480730595803,1.276938841184339,False,1.727701772747586,1.689799208089793,False
42,XXZ,0.8,19,5.551638829268341,5.542483902379157,False,6.277217050506822,6.188911843496363,False
42,XXZ,0.8,20,7.527185881639577,7.501265670767813,False,8.991158735516253,8.886108924340478,False
42,XXZ,0.8,21,1.749512612978573,1.7173663019058116,False,1.7414570784115762,1.7062684556692587,False
42,XXZ,0.8,22,6.1683078746989,6.14752003690374,False,6.718509850852174,6.6305082721400055,False
42,XXZ,0.8,23,1.4483706302390953,1.433835806673763,False,1.3930400539142074,1.3648538040102043,False
42,XXZ,0.8,24,4.19937146247955,4.183147687192085,False,4.894345964132137,4.809064496503142,False
42,XXZ,0.8,25,3.945402455906956,3.8910909983293385,False,4.037947218910728,3.9653608312082254,False
42,XXZ,0.8,26,5.451981731387128,5.428618028767228,False,5.5247546249401775,5.4488644660595265,False
42,XXZ,0.8,27,1.9643915524201288,1.9474265865416949,False,1.822842527819271,1.7891266986769472,False
42,XXZ,0.8,28,2.883668415130824,2.8675515303854096,False,3.034355840635714,2.9850365470486837,False
42,XXZ,0.8,29,1.2770875414727756,1.26542117457017,False,1.555544825666778,1.5257642802255378,False
42,XXZ,0.8,30,4.167699766800517,4.15735417770373,False,4.8187786402845125,4.756345906804291,False
42,XXZ,0.8,31,8.548879805080025,8.517763545525897,False,7.3680337364610695,7.267513493765311,False
42,XXZ,0.8,32,4.474494430868568,4.467931330786636,False,6.258583229935781,6.165569012849527,False
42,XXZ,0.8,33,2.0654650179001552,2.04078741485682,False,1.9542253373840004,1.9147783105139609,False
42,XXZ,0.8,34,2.2815956345921,2.268691126658146,False,2.9316361136355704,2.87271819588097,False
42,XXZ,0.8,35,0.6955806424713782,0.6877064405197402,False,1.018109364950262,0.997369896895083,False
42,XXZ,0.8,36,3.8384155460710794,3.8084081142119404,False,3.304270467968919,3.241108516181321,False
42,XXZ,0.8,37,4.38298639780642,4.358902731294588,False,4.677976816769364,4.609298395167749,False
42,XXZ,0.8,38,9.625493335396992,9.608286065779861,False,8.762572179222136,8.666023054475746,False
42,XXZ,0.8,39,1.4384349883164975,1.4148679907437478,False,1.5021063479392085,1.4783023141072078,False
42,XXZ,0.8,40,3.3970263540769174,3.385095070027235,False,4.109005861807486,4.0563850118963485,False
42,XXZ,0.8,41,1.4819750036687327,1.4525662759201154,False,1.391064394904611,1.3654477215785608,False
42,XXZ,0.8,42,1.9955651153523697,1.9633837450173788,False,1.9204205650090518,1.878102782922096,False
42,XXZ,0.8,43,7.662838319967949,6.79919528900247,False,6.297730281168952,6.214347224498151,False
42,XXZ,0.8,44,3.9393157996919834,3.9174511042584292,False,4.250390233163152,4.151038764926003,False
42,XXZ,0.8,45,3.069254024230819,3.049311320521704,False,3.088176931055171,3.0237415677574337,False
42,XXZ,0.8,46,5.006633593972175,4.705260601715507,False,5.168516771941214,5.0849500068386595,False
42,XXZ,0.8,47,1.533177446133338,1.485846639329247,False,1.8985632830236998,1.8595079409234128,False
42,XXZ,0.8,48,5.6377312665807535,5.625547131764283,False,5.270420059790425,5.204260779684888,False
42,XXZ,0.8,49,5.767700265508057,5.716725768918698,False,5.474719883436226,5.407006714623752,False
42,XXZ,0.8,50,4.543493632421047,4.505543653370238,False,4.6241591182398345,4.5538791415368145,False
42,XXZ,0.8,51,0.6797002951117593,0.6772811999002362,False,1.4419809252004607,1.413246951666673,False
42,XXZ,0.8,52,10.678540441991515,10.631065735985713,False,10.889751965109724,10.75917920228812,False
42,XXZ,0.8,53,1.7708353485443658,1.7467659938089883,False,1.7079840722129314,1.6733388979428365,False
42,XXZ,0.8,54,2.925764863636556,2.8919712869902834,False,2.904860205805348,2.855292110917347,False
42,XXZ,0.8,55,4.817062656061263,4.789536287246168,False,4.515775619113523,4.443199566778265,False
42,XXZ,0.8,56,6.17410422360717,6.1602698865791945,False,7.682100759883937,7.587585791455071,False
42,XXZ,0.8,57,1.968137889808674,1.883075111470606,False,1.8258570437758366,1.7924039636017255,False
42,XXZ,0.8,58,3.506922013185346,3.470855906749295,False,3.185211328487113,3.1192619179244807,False
42,XXZ,0.8,59,1.3609891955197322,1.3397189354609544,False,1.715214954649784,1.682007033438439,False
42,XXZ,0.8,60,3.4951875574334106,3.478893464189275,False,3.702825131450925,3.6494385653262107,False
42,XXZ,0.8,61,4.71344240004036,4.670402017759669,False,4.248628840532016,4.198234827322273,False
42,XXZ,0.8,62,8.73158486018388,8.676137529009853,False,8.538048533278173,8.43156590660599,False
42,XXZ,0.8,63,2.1920559003332487,2.1131209858229907,False,2.079740411300775,2.0419205178303614,False
42,XXZ,0.8,64,7.786188646681017,7.737468151998112,False,7.3057773931108265,7.2164060806709,False
42,XXZ,0.8,65,1.443043236038943,1.4267489046857358,False,1.4931007043523667,1.4596147256084278,False
42,XXZ,0.8,66,3.0550190567854085,3.03229601428346,False,2.9806434853703636,2.914152869451322,False
42,XXZ,0.8,67,6.918395636481587,6.714128808656396,False,6.477204232519021,6.388051380323427,False
42,XXZ,0.8,68,6.802389443178372,6.785041746675087,False,6.882697189231818,6.795122495150121,False
42,XXZ,0.8,69,1.4494620308557824,1.4323470549294228,False,1.5142651180306899,1.4874782313790775,False
42,XXZ,0.8,70,7.8135698091878965,7.087583042426419,False,7.9193215469790506,7.808121582940638,False
42,XXZ,0.8,71,3.9527309090792913,3.9349700353343007,False,3.657144316007353,3.563958674263891,False
42,XXZ,0.8,72,2.7685667442732496,2.7400441443149295,False,2.528784945612805,2.482415598868468,False
42,XXZ,0.8,73,5.98100476670533,5.877925621407854,False,6.486473576617172,6.376616710226585,False
42,XXZ,0.8,74,7.0803361681913035,7.028086415365696,False,7.1828684820289155,7.101242631266447,False
42,XXZ,0.8,75,1.853475826834619,1.8206958554669985,False,1.9210162268158777,1.8822811625668725,False
42,XXZ,0.8,76,3.685674739314764,3.622830529178765,False,3.808463146706447,3.7435938710447365,False
42,XXZ,0.8,77,3.714431160180033,3.664795592163116,False,4.113731848412472,4.022229916758711,False
42,XXZ,0.8,78,1.3747213564482845,1.353885996933145,False,1.5246508141223967,1.4919807753008902,False
42,XXZ,0.8,79,6.366497271031041,6.339551161580551,False,7.263374141485674,7.165431494878915,False
42,XXZ,0.8,80,7.052807919706663,6.288743995967845,False,7.419714613576576,7.32548307708344,False
42,XXZ,0.8,81,2.269730722846654,2.2511811261125025,False,2.538211772810204,2.4858754027203767,False
42,XXZ,0.8,82,4.594719584108587,4.5780734797717235,False,4.520843979489406,4.4611701615323,False
42,XXZ,0.8,83,1.5952927996202313,1.5807078648428006,False,1.5295570595770844,1.4975404963318122,False
42,XXZ,0.8,84,6.074165911469513,6.049870993887474,False,6.313449051296152,6.229955072371069,False
42,XXZ,0.8,85,5.310718775099985,5.228720641458131,False,5.503625259808628,5.429262883806993,False
42,XXZ,0.8,86,5.639848808547976,5.609675653471563,False,4.904090671956688,4.832472513017188,False
42,XXZ,0.8,87,2.0757151109661622,2.0620008449993232,False,2.087774311788017,2.0504704665368534,False
42,XXZ,0.8,88,9.761277284128166,9.737007088761285,False,8.810884829536114,8.713263226412087,False
42,XXZ,0.8,89,1.719756566239524,1.0982702034243736,False,1.2784041145979859,1.2517265762981915,False
42,XXZ,0.8,90,1.5965777147501719,1.5743953723426851,False,1.522559300304904,1.496867655260001,False
42,XXZ,0.8,91,3.356024486388133,3.346593622514992,False,4.30640180821027,4.237348317509234,False
42,XXZ,0.8,92,4.692065499349653,4.68121971497499,False,4.7540210809654155,4.671064182870674,False
42,XXZ,0.8,93,1.5975129918624271,1.5780973834958874,False,1.5686199272245689,1.5414746029714912,False
42,XXZ,0.8,94,7.43588908545034,7.354594875376614,False,7.4424231367371165,7.357382259340718,False
42,XXZ,0.8,95,1.7681234469008078,1.7434228541071504,False,1.7120220628756082,1.6797718569127302,False
42,XXZ,0.8,96,2.523255700126088,2.3725191139461894,False,2.4425277442323394,2.394046373227981,False
42,XXZ,0.8,97,4.812204821935192,4.797464879123082,False,3.996348360276176,3.9248172310106044,False
42,XXZ,0.8,98,7.24555537156934,6.473247217481324,False,7.7233178927099,7.646404376084401,False
42,XXZ,0.8,99,2.6773535595509674,2.6363036870433834,False,3.0246646292780635,2.9628020102397383,False
42,XXZ,1.5,0,1.1010227239136208,1.0911164762262087,False,1.2274305538302,1.2005640329447933,False
42,XXZ,1.5,1,5.095264901651035,5.083299655727736,False,5.059555388622221,5.000759555938697,False
42,XXZ,1.5,2,2.8691401235901806,2.8517339585808426,False,5.208471388021848,5.143299218525351,False
42,XXZ,1.5,3,2.1147234443216423,2.0889951878969297,False,2.123866404026456,2.082934943782061,False
42,XXZ,1.5,4,1.898787695098441,1.8965820645020794,False,3.060158096518134,3.0115929154071215,False
42,XXZ,1.5,5,1.2481833355105818,1.2383154264567153,False,1.5454952834255489,1.5143105779746542,False
42,XXZ,1.5,6,1.4747141277594267,1.4555799275353722,False,1.5303343958270543,1.4946519484767662,False
42,XXZ,1.5,7,4.253729973509402,4.242329441663195,False,4.343677812460415,4.28220524575308,False
42,XXZ,1.5,8,5.498567303001347,5.4941242838817095,False,7.397611344193359,7.3069436854041765,False
42,XXZ,1.5,9,1.635598339102572,1.6282553584315433,False,1.7543419351949763,1.720371953842795,False
42,XXZ,1.5,10,5.46173137058371,5.390588802694208,False,5.694767281911369,5.614518080755505,False
42,XXZ,1.5,11,1.8819214719611665,1.8626710392123398,False,1.988520686301468,1.9533797912405326,False
42,XXZ,1.5,12,1.3848497463519183,1.3221368250670789,False,1.4480902388868708,1.418290761679521,False
42,XXZ,1.5,13,2.508572267525878,2.4896456427213973,False,2.4681760262732237,2.4309916715198576,False
42,XXZ,1.5,14,5.172586377613428,5.137857052900383,False,5.26405156655016,5.169751245986598,False
42,XXZ,1.5,15,1.734614107668415,1.7239050718288103,False,2.34375798251133,2.2979476044014495,False
42,XXZ,1.5,16,5.06617626922477,5.057325079952509,False,5.833957620141709,5.746246675695838,False
42,XXZ,1.5,17,1.364598757328552,1.3358174120114192,False,1.439723071199941,1.4004946109411602,False
42,XXZ,1.5,18,1.6937294792885897,1.6846706662086248,False,2.061049193959214,2.0203278202993267,False
42,XXZ,1.5,19,2.9686815845800743,2.9639737152404364,False,3.4829032016009682,3.4241562294777803,False
42,XXZ,1.5,20,6.683626390040737,6.65610325559689,False,7.79709793660518,7.7227685801437564,False
42,XXZ,1.5,21,2.0437483550860915,1.9959978599181427,False,2.0268756014528346,1.9869591837763287,False
42,XXZ,1.5,22,3.2840001879726164,3.2721371268034694,False,3.5966256858515835,3.544997114357564,False
42,XXZ,1.5,23,1.3068367039446773,1.2978862382704037,False,1.2766998623458594,1.251055221099523,False
42,XXZ,1.5,24,5.392075481190679,5.382291277575845,False,6.243569327645326,6.151736277911865,False
42,XXZ,1.5,25,3.862723613553401,3.8171147850551588,False,4.034009408834366,3.9783796006995935,False
42,XXZ,1.5,26,5.567067003015026,5.552190783927395,False,5.778960921901033,5.691000695304431,False
42,XXZ,1.5,27,2.524682463794101,2.509819492990847,False,2.0966241398831,2.056615418661136,False
42,XXZ,1.5,28,4.254821252491663,4.239952623579251,False,4.768467949520621,4.713626185568227,False
42,XXZ,1.5,29,1.231216973083156,1.218766176403681,False,1.5212243697270205,1.4908735818682648,False
42,XXZ,1.5,30,2.267256254312013,2.261604559615096,False,3.051346758950021,2.998461399365495,False
42,XXZ,1.5,31,6.135302115496549,6.116053272730735,False,5.258607163156703,5.189202195864611,False
42,XXZ,1.5,32,4.4877430668922385,4.484233398692152,False,6.490196779921605,6.392311258829609,False
42,XXZ,1.5,33,1.5952987579423432,1.5787588358219642,False,1.4934081124782734,1.4687418585340368,False
42,XXZ,1.5,34,6.499392253477304,6.482486137452438,False,7.615843874576782,7.531956986541442,False
42,XXZ,1.5,35,1.3527648239634642,1.3463372358886614,False,1.5593714668753638,1.524044941784653,False
42,XXZ,1.5,36,2.5703399072322752,2.554768677161182,False,2.119518986955554,2.074667833523194,False
42,XXZ,1.5,37,5.483013607797174,5.465643941331279,False,5.9261159340367096,5.829220722548964,False
42,XXZ,1.5,38,5.1213051948141,5.102872020585148,False,4.316343692772162,4.22694073425139,False
42,XXZ,1.5,39,1.9204366330770688,1.8884325957784984,False,2.003536387577275,1.9704671566268337,False
42,XXZ,1.5,40,2.2861970213370353,2.278475345766654,False,2.6605301485075925,2.617571613372326,False
42,XXZ,1.5,41,1.5100505418753585,1.4827431362035912,False,1.440005596215303,1.4083977064945403,False
42,XXZ,1.5,42,1.602650883437469,1.5801319308169197,False,1.552429568771426,1.5166376776697967,False
42,XXZ,1.5,43,5.696818505145412,5.688748653717471,False,5.037469192748922,4.968993122744406,False
42,XXZ,1.5,44,5.8718190826168595,5.855327789317463,False,6.62216645216865,6.539175138335096,False
42,XXZ,1.5,45,2.6579775389885216,2.6437702945847783,False,2.6042727247738306,2.5479190573098096,False
42,XXZ,1.5,46,8.18920931222396,8.15822504529992,False,8.581709617309025,8.486473765854788,False
42,XXZ,1.5,47,1.299428342095735,1.2883911040487757,False,1.6648795171228463,1.6278446585145658,False
42,XXZ,1.5,48,5.088348966489258,5.080357100510975,False,4.608306384625357,4.540099571525555,False
42,XXZ,1.5,49,5.087131137246528,5.048932359467873,False,4.629308023273678,4.553621112280252,False
42,XXZ,1.5,50,4.969515256081816,4.670164440121763,False,4.958216441826685,4.873142380210861,False
42,XXZ,1.5,51,1.388972356480616,1.3870102392862436,False,2.380221540229176,2.3335926895133023,False
42,XXZ,1.5,52,2.9073847085861417,2.5909860678994514,False,2.7386516169957558,2.68988878029638,False
42,XXZ,1.5,53,1.886816228540023,1.8689578196540615,False,1.6810653357475296,1.6479775250752502,False
42,XXZ,1.5,54,3.5634545774325375,3.5346920119375658,False,3.3592974749129203,3.2890240743624286,False
42,XXZ,1.5,55,4.741279564331158,4.723495459490977,False,4.6741023320705875,4.61336971384219,False
42,XXZ,1.5,56,4.298994771465295,4.293735568499539,False,5.200320493327972,5.1214379749052075,False
42,XXZ,1.5,57,3.311853107967038,2.9906712574669845,False,2.9615912941630493,2.9043998852762303,False
42,XXZ,1.5,58,10.890834105515793,10.869071828950167,False,10.825175976636178,10.675398816407085,False
42,XXZ,1.5,59,1.6601651248054063,1.6512574473995933,False,1.872688063980589,1.8389564842408883,False
42,XXZ,1.5,60,2.9391297299219747,2.9298862278479496,False,3.2179368749643755,3.1738805726812873,False
42,XXZ,1.5,61,4.222683123891598,4.195688090080845,False,3.9333721377155166,3.87421174000276,False
42,XXZ,1.5,62,5.686803160912864,5.642365135914803,False,5.500688416217338,5.405314490285949,False
42,XXZ,1.5,63,2.0301119450531244,1.9932604072280058,False,2.0219347420836757,1.978448275878926,False
42,XXZ,1.5,64,7.784053913651854,7.736436182250735,False,7.152599825287788,7.044573616756597,False
42,XXZ,1.5,65,1.264598582992691,1.2520017511538633,False,1.2627633769453759,1.2369113597962391,False
42,XXZ,1.5,66,2.7445970057917592,2.7333403545867605,False,2.8841902376800888,2.8408765600586103,False
42,XXZ,1.5,67,5.822280579359122,5.627481139241732,False,5.464313495838624,5.389850231566679,False
42,XXZ,1.5,68,6.293946907180078,6.282765229033933,False,6.634463350976715,6.534213826406149,False
42,XXZ,1.5,69,2.8033345460771835,2.776068693144725,False,2.8474966981886283,2.7946229077761537,False
42,XXZ,1.5,70,3.65429883433263,3.6397690459682126,False,3.7709667122775046,3.7023931850371787,False
42,XXZ,1.5,71,3.6645140380331234,3.6559742489389184,False,3.3086210096537725,3.2430146678754577,False
42,XXZ,1.5,72,3.0766786608340566,3.0489097775044964,False,2.706717062843972,2.637937418127769,False
42,XXZ,1.5,73,5.667255910896116,5.563948449478061,False,6.165445949261158,6.057773640996514,False
42,XXZ,1.5,74,5.990248774526203,5.954976350166799,False,6.251881216018954,6.168712196688612,False
42,XXZ,1.5,75,2.311183998271807,2.251571950742399,False,2.417856164947032,2.369680790101407,False
42,XXZ,1.5,76,5.641397654979823,5.554193864565524,False,5.819519274211304,5.725352405356653,False
42,XXZ,1.5,77,1.8310559460646043,1.8094096238648782,False,1.919021843270706,1.87901607035091,False
42,XXZ,1.5,78,2.77125048854599,2.7516416060480804,False,3.0322259735393575,2.975312662602538,False
42,XXZ,1.5,79,6.550072138665826,6.523801195122928,False,7.429315876758359,7.317097466686296,False
42,XXZ,1.5,80,6.4708035779188995,6.459864391652608,False,7.264927036903478,7.187013240314245,False
42,XXZ,1.5,81,1.3662819030300266,1.3318530727234068,False,1.7046414235924412,1.6734069172773713,False
42,XXZ,1.5,82,6.1828827287854455,6.160100402579462,False,6.174198376118535,6.097328198969853,False
42,XXZ,1.5,83,1.260896807991601,1.2464128720986252,False,1.0884123594038813,1.0657591126483699,False
42,XXZ,1.5,84,3.7725764370673684,3.757113553258205,False,3.9902305970795635,3.9130699509080604,False
42,XXZ,1.5,85,4.462240103244087,4.397059884015364,False,4.6117877533708835,4.553093725559897,False
42,XXZ,1.5,86,6.76632507947557,6.745161120707901,False,6.304182361516908,6.224235177594536,False
42,XXZ,1.5,87,1.5973486626009095,1.58994958421528,False,1.5439074033104185,1.516352209895764,False
42,XXZ,1.5,88,4.774292869801387,4.740061544873956,False,4.203740128903751,4.127628587687079,False
42,XXZ,1.5,89,3.103524040907368,2.6800788252591388,False,2.792210883777196,2.732474672300297,False
42,XXZ,1.5,90,3.3064861567553767,3.1360137998681186,False,3.108302652305113,3.0525846787064737,False
42,XXZ,1.5,91,2.8382789343625108,2.8308730335689463,False,3.5119870391978614,3.4569186852208666,False
42,XXZ,1.5,92,7.716907560868013,7.289185003109052,False,7.454857564558065,7.389231332991967,False
42,XXZ,1.5,93,1.8695885535496373,1.850334536746584,False,1.8252586598631075,1.7894604352188428,False
42,XXZ,1.5,94,6.691646727090578,6.654423466321837,False,6.789865053416613,6.714331137364051,False
42,XXZ,1.5,95,2.0245469900290107,1.9928710761110833,False,1.9536688503069888,1.9150340938395936,False
42,XXZ,1.5,96,3.180383615902787,3.1564892687653114,False,3.0815702499608295,3.0279100259802183,False
42,XXZ,1.5,97,3.6072363572813892,3.5962428989288378,False,2.855134737744949,2.8107001751935723,False
42,XXZ,1.5,98,3.9761905071492105,3.960876737215675,False,5.066013368354486,4.980385480426581,False
42,XXZ,1.5,99,2.447613187338422,2.4180235790413,False,2.7285006262611167,2.67227117101161,False
