seed,scenario,model,features,test,r2,mae,auroc,n_samples,n_censored
42,D,transformer,base,own,0.5120517667536988,1.8777244840749254,0.48045454545454547,95,235
42,D,transformer,base,independent,0.5110380083192124,1.6360755659969817,0.5892832857337141,343,235
42,D,lstm_only,base,own,0.5324748027038705,1.7227500428097864,0.5159090909090909,95,235
42,D,lstm_only,base,independent,0.5126392223710099,1.6543350811846516,0.5838093295253637,343,235
42,D,transformer,corr,own,0.5017868015475946,1.887543354266185,0.5449999999999999,95,235
42,D,transformer,corr,independent,0.47170850093305716,1.851576814738323,0.5121379028967767,343,235
42,D,lstm_only,corr,own,0.45385955268192213,1.9574636028069212,0.5986363636363635,95,235
42,D,lstm_only,corr,independent,0.4059973270984796,1.9084375386223058,0.5489936080511356,343,235
42,D,transformer,corr_conc,own,0.5288947831308146,1.6603048948009684,0.5404545454545455,95,235
42,D,transformer,corr_conc,independent,0.5342189583333496,1.5482459753315192,0.6386168910648715,343,235
42,D,lstm_only,corr_conc,own,0.5369925810570232,1.8450792000746463,0.5927272727272728,95,235
42,D,lstm_only,corr_conc,independent,0.5419691382463048,1.647159997390188,0.6730246158030736,343,235
42,E,transformer,base,own,0.19109047433715998,0.8858537179067678,0.6684715346534653,165,105
42,E,transformer,base,independent,0.5892908146790297,1.0055994877456065,0.7141690037800268,573,105
42,E,lstm_only,base,own,0.11640548164778786,0.943204751108864,0.5823019801980198,165,105
42,E,lstm_only,base,independent,0.625784105354066,1.0063446235927629,0.7124131203511765,573,105
42,E,transformer,corr,own,0.5077039107846641,0.6179968295660838,0.8265779702970297,165,105
42,E,transformer,corr,independent,0.6100269406203394,0.9123036991719053,0.7721375442019265,573,105
42,E,lstm_only,corr,own,0.4651109197288428,0.7069545616265654,0.7953279702970298,165,105
42,E,lstm_only,corr,independent,0.671872538625798,0.8928424158223425,0.7933788562370443,573,105
42,E,transformer,corr_conc,own,0.19025204616519575,0.9458473966758663,0.7663985148514854,165,105
42,E,transformer,corr_conc,independent,0.6304578313418878,0.9806354685606309,0.7721619314717718,573,105
42,E,lstm_only,corr_conc,own,0.4605987371873287,0.7216274483750214,0.8309096534653465,165,105
42,E,lstm_only,corr_conc,independent,0.6696503770103481,0.8907583269429306,0.7841116936958907,573,105
43,D,transformer,base,own,0.4477685898333047,1.8934447813449156,0.6488970588235294,82,241
43,D,transformer,base,independent,0.4015133080984362,1.142253176654548,0.5673377564249218,327,241
43,D,lstm_only,base,own,0.42507865990940086,2.001211078122329,0.6642156862745098,82,241
43,D,lstm_only,base,independent,0.47997714688606496,1.0677972925282662,0.5713414169145123,327,241
43,D,transformer,corr,own,0.4714741832101702,1.9095981012618353,0.6286764705882353,82,241
43,D,transformer,corr,independent,0.4911619955232316,1.0794065072928754,0.6129032258064516,327,241
43,D,lstm_only,corr,own,0.42284910913646845,1.99681636229666,0.6856617647058824,82,241
43,D,lstm_only,corr,independent,0.4712193459782049,1.0766414339338677,0.5309235110195989,327,241
43,D,transformer,corr_conc,own,0.5335297703515756,1.6563696736838935,0.7310049019607843,82,241
43,D,transformer,corr_conc,independent,0.6027710490097677,0.9665605814840105,0.6953405017921147,327,241
43,D,lstm_only,corr_conc,own,0.5522120583078071,1.5923147464643708,0.7757352941176471,82,241
43,D,lstm_only,corr_conc,independent,0.5632052713093298,0.9641072390267945,0.6906123694044078,327,241
43,E,transformer,base,own,0.6909053829834315,0.7689233900106902,0.8812117990964656,124,95
43,E,transformer,base,independent,0.5819498358482449,0.8998450482115574,0.7438102354326819,562,95
43,E,lstm_only,base,own,0.5302742642401091,0.934850887299816,0.7361148020196652,124,95
43,E,lstm_only,base,independent,0.5050138717555623,0.9210742131071565,0.7206342371550511,562,95
43,E,transformer,corr,own,0.7554518964664341,0.6763398325410642,0.8695190007972362,124,95
43,E,transformer,corr,independent,0.6231949347585657,0.8178622264998379,0.7850584465748913,562,95
43,E,lstm_only,corr,own,0.7353222671309785,0.6741431789634417,0.8992824873770928,124,95
43,E,lstm_only,corr,independent,0.637365624988422,0.8087891305883432,0.7964944719545093,562,95
43,E,transformer,corr_conc,own,0.7538064066383069,0.6693791028672114,0.9051288865267074,124,95
43,E,transformer,corr_conc,independent,0.6793640152023516,0.7356962411122644,0.8438722913843544,562,95
43,E,lstm_only,corr_conc,own,0.7624384984139996,0.66417194452013,0.9221365931437683,124,95
43,E,lstm_only,corr_conc,independent,0.6411331763495703,0.8151715427298304,0.8003824672939807,562,95
44,D,transformer,base,own,0.44715083971993685,1.3631353635716856,0.7264808362369338,111,228
44,D,transformer,base,independent,0.37397932634560227,1.849971049242794,0.5491535068999858,340,228
44,D,lstm_only,base,own,0.5299317761061664,1.4736350471642852,0.6433797909407666,111,228
44,D,lstm_only,base,independent,0.5123461272508785,1.7493715987747622,0.6519063878218808,340,228
44,D,transformer,corr,own,0.49387460455079757,1.495995306065107,0.6034843205574912,111,228
44,D,transformer,corr,independent,0.4733791989533309,1.785186369797465,0.6123203869682743,340,228
44,D,lstm_only,corr,own,0.49108440413275967,1.444159663623507,0.6376306620209059,111,228
44,D,lstm_only,corr,independent,0.4784200060661149,1.8129887868767047,0.6567790581875088,340,228
44,D,transformer,corr_conc,own,0.5123262939260893,1.4664364089530362,0.6717770034843206,111,228
44,D,transformer,corr_conc,independent,0.5311008155772142,1.6932731772296286,0.6683738796414853,340,228
44,D,lstm_only,corr_conc,own,0.5186490260683314,1.3325075392509103,0.7020905923344948,111,228
44,D,lstm_only,corr_conc,independent,0.47845801001128885,1.7260296605318344,0.6643903827002419,340,228
44,E,transformer,base,own,0.2910395107198206,0.9825540586464828,0.7475952289342054,182,96
44,E,transformer,base,independent,0.5994488260173396,0.7934438774866555,0.7721311475409836,544,96
44,E,lstm_only,base,own,0.16025875766807274,1.1505239232028743,0.5531614723611645,182,96
44,E,lstm_only,base,independent,0.5417137425146823,0.8752514966647437,0.699344262295082,544,96
44,E,transformer,corr,own,0.41288123308773905,0.9493600987286471,0.816852635629088,182,96
44,E,transformer,corr,independent,0.6199268211787432,0.7725933342303956,0.800983606557377,544,96
44,E,lstm_only,corr,own,0.39581212123197496,0.9218866357496679,0.7250224445299474,182,96
44,E,lstm_only,corr,independent,0.636207983610386,0.7632823694786743,0.7848224043715846,544,96
44,E,transformer,corr_conc,own,0.4902181217844772,0.8348160613169343,0.7929973066564062,182,96
44,E,transformer,corr_conc,independent,0.6671401581259248,0.7128848735447093,0.8096584699453553,544,96
44,E,lstm_only,corr_conc,own,0.3976749323356217,0.9399027989939728,0.7354110555341797,182,96
44,E,lstm_only,corr_conc,independent,0.6197503101987918,0.7536546365131924,0.8156420765027322,544,96
