seed,system,J,index,c0,t_esd,censored,revival,c0_scaled,t_esd_scaled,censored_scaled,revival_scaled
42,XXZ,0.2,0,0.9178465386616496,20.0,True,False,0.9178465386616496,20.0,True,False
42,XXZ,0.2,1,0.08008174865276428,3.1195315149446485,False,True,0.08008174865276428,3.111794654596999,False,True
42,XXZ,0.2,2,0.9287313235067853,20.0,True,False,0.9287313235067853,20.0,True,False
42,XXZ,0.2,3,0.7423906770675132,2.9571861404924915,False,False,0.7423906770675132,2.846544304677731,False,False
42,XXZ,0.2,4,0.8397557575298188,20.0,True,False,0.8397557575298188,20.0,True,False
42,XXZ,0.2,5,0.8264448381990536,20.0,True,False,0.8264448381990536,20.0,True,False
42,XXZ,0.2,6,0.200056291125014,3.5043516271076114,False,True,0.200056291125014,3.498153586158347,False,True
42,XXZ,0.2,7,0.6570207484853439,20.0,True,False,0.6570207484853439,20.0,True,False
42,XXZ,0.2,8,0.7823681368226002,20.0,True,False,0.7823681368226002,20.0,True,False
42,XXZ,0.2,9,0.3183648547018675,4.204158806936636,False,True,0.3183648547018675,4.203008012729159,False,True
42,XXZ,0.2,10,0.6587354058663779,1.658794707601276,False,False,0.6587354058663779,1.6272728755953856,False,False
42,XXZ,0.2,11,0.8343367020525607,20.0,True,False,0.8343367020525607,20.0,True,False
42,XXZ,0.2,12,0.9711665327047526,20.0,True,False,0.9711665327047526,20.0,True,False
42,XXZ,0.2,13,0.7823834097583077,7.1518822353588565,False,False,0.7823834097583077,7.115053278536226,False,False
42,XXZ,0.2,14,0.4449158784553941,3.3771527552068283,False,True,0.4449158784553941,3.3583592823940087,False,True
42,XXZ,0.2,15,0.7056945532324359,20.0,True,False,0.7056945532324359,20.0,True,False
42,XXZ,0.2,16,0.5695225601639383,20.0,True,False,0.5695225601639383,20.0,True,False
42,XXZ,0.2,17,0.697232774046311,20.0,True,False,0.697232774046311,20.0,True,False
42,XXZ,0.2,18,0.947699272776218,20.0,True,False,0.947699272776218,20.0,True,False
42,XXZ,0.2,19,0.8077729022137534,20.0,True,False,0.8077729022137534,20.0,True,False
42,XXZ,0.2,20,0.7053834187460843,20.0,True,False,0.7053834187460843,20.0,True,False
42,XXZ,0.2,21,0.8086498352482655,2.064912261176177,False,False,0.8086498352482655,2.025265426801994,False,False
42,XXZ,0.2,22,0.4886202191088923,4.16843032059058,False,True,0.4886202191088923,4.150217050212472,False,True
42,XXZ,0.2,23,0.8164396187447325,20.0,True,False,0.8164396187447325,20.0,True,False
42,XXZ,0.2,24,0.6715091648159943,20.0,True,False,0.6715091648159943,20.0,True,False
42,XXZ,0.2,25,0.9003490647987166,20.0,True,False,0.9003490647987166,20.0,True,False
42,XXZ,0.2,26,0.41000650714368014,3.2589547947972277,False,False,0.41000650714368014,3.2351021917326537,False,False
42,XXZ,0.2,27,0.4457315002828546,20.0,True,False,0.4457315002828546,20.0,True,False
42,XXZ,0.2,28,0.8609196133306177,9.025688748122464,False,True,0.8609196133306177,9.015628920451833,False,True
42,XXZ,0.2,29,0.8950502631540928,20.0,True,False,0.8950502631540928,20.0,True,False
42,XXZ,0.2,30,0.7571938167860949,20.0,True,False,0.7571938167860949,20.0,True,False
42,XXZ,0.2,31,0.3530230322964946,4.043379174244678,False,True,0.3530230322964946,4.036190386129453,False,True
42,XXZ,0.2,32,0.9105311721709246,20.0,True,False,0.9105311721709246,20.0,True,False
42,XXZ,0.2,33,0.6073315931455713,4.274861592036329,False,True,0.6073315931455713,4.272386914125016,False,True
42,XXZ,0.2,34,0.2505011533633707,7.738417183719048,False,True,0.2505011533633707,7.733789757141031,False,True
42,XXZ,0.2,35,0.7213917712296684,2.146529363886911,False,True,0.7213917712296684,2.1354241638935623,False,True
42,XXZ,0.2,36,0.7041399286262587,13.065155641860835,False,True,0.7041399286262587,13.05887715316148,False,True
42,XXZ,0.2,37,0.1803648208297399,11.841067076963373,False,True,0.1803648208297399,11.840017533461761,False,True
42,XXZ,0.2,38,0.06996349923320135,3.5285779368137,False,True,0.06996349923320135,3.522459437822102,False,True
42,XXZ,0.2,39,0.4031640159315382,4.238808887747703,False,True,0.4031640159315382,4.231484871290807,False,True
42,XXZ,0.2,40,0.9602651272981655,1.8726680463763181,False,True,0.9602651272981655,1.824545920750416,False,True
42,XXZ,0.2,41,0.6656604390752495,1.7798379107478401,False,False,0.6656604390752495,1.743987646982317,False,False
42,XXZ,0.2,42,0.3891390786537511,1.3761338264679048,False,False,0.3891390786537511,1.340051062960146,False,False
42,XXZ,0.2,43,0.381383427972645,3.3845800902551297,False,True,0.381383427972645,3.3799422118347966,False,True
42,XXZ,0.2,44,0.4107186603067661,3.8163020612216187,False,False,0.4107186603067661,3.7971107070571306,False,False
42,XXZ,0.2,45,0.5506663544088317,3.2887390216993517,False,True,0.5506663544088317,3.279724970751253,False,True
42,XXZ,0.2,46,0.665899073828434,20.0,True,False,0.665899073828434,20.0,True,False
42,XXZ,0.2,47,0.39350622152954867,20.0,True,False,0.39350622152954867,15.774110124526299,False,False
42,XXZ,0.2,48,0.2936794211691359,20.0,True,False,0.2936794211691359,20.0,True,False
42,XXZ,0.2,49,0.6843066248461637,3.643747241915725,False,False,0.6843066248461637,3.61642271607607,False,False
42,XXZ,0.2,50,0.6334278172354905,20.0,True,False,0.6334278172354905,20.0,True,False
42,XXZ,0.2,51,0.7089689932045962,20.0,True,False,0.7089689932045962,20.0,True,False
42,XXZ,0.2,52,0.8012848943143039,6.275231221417129,False,True,0.8012848943143039,6.274752772899216,False,True
42,XXZ,0.2,53,0.6915624154371399,20.0,True,False,0.6915624154371399,20.0,True,False
42,XXZ,0.2,54,0.8873658472376368,2.3081813979123735,False,False,0.8873658472376368,2.274613428669905,False,False
42,XXZ,0.2,55,0.647439224076677,4.880037317642757,False,True,0.647439224076677,4.867632153277784,False,True
42,XXZ,0.2,56,0.6210983587139752,20.0,True,False,0.6210983587139752,20.0,True,False
42,XXZ,0.2,57,0.40471923276734584,1.0091146598588177,False,False,0.40471923276734584,0.9960891194250815,False,False
42,XXZ,0.2,58,0.5745290781769952,8.59534629703481,False,True,0.5745290781769952,8.58585289227572,False,True
42,XXZ,0.2,59,0.45380549222144617,20.0,True,False,0.45380549222144617,20.0,True,False
42,XXZ,0.2,60,0.8735645191299398,20.0,True,False,0.8735645191299398,20.0,True,False
42,XXZ,0.2,61,0.5759878105150603,7.610071226499555,False,True,0.5759878105150603,7.599944519075693,False,True
42,XXZ,0.2,62,0.6824435877500716,20.0,True,False,0.6824435877500716,20.0,True,False
42,XXZ,0.2,63,0.8231874591865274,2.495613362441524,False,True,0.8231874591865274,2.488271930236886,False,True
42,XXZ,0.2,64,0.52244142543026,6.832207532844984,False,True,0.52244142543026,6.816864677366459,False,True
42,XXZ,0.2,65,0.9378688469180464,20.0,True,False,0.9378688469180464,20.0,True,False
42,XXZ,0.2,66,0.28519934794888624,2.1594999843536042,False,False,0.28519934794888624,2.1422863826868386,False,False
42,XXZ,0.2,67,0.5110037577802955,2.232578352851183,False,False,0.5110037577802955,2.1828713679641423,False,False
42,XXZ,0.2,68,0.7111021400446477,20.0,True,False,0.7111021400446477,20.0,True,False
42,XXZ,0.2,69,0.7177784647341784,15.769116136492668,False,False,0.7177784647341784,15.771293137412036,False,False
42,XXZ,0.2,70,0.7535251097990945,20.0,True,False,0.7535251097990945,20.0,True,False
42,XXZ,0.2,71,0.17453136569612018,11.274643329310386,False,False,0.17453136569612018,15.088367064815676,False,False
42,XXZ,0.2,72,0.42452258640793866,15.752673625630248,False,False,0.42452258640793866,12.0686764966311,False,False
42,XXZ,0.2,73,0.6659662674062105,20.0,True,False,0.6659662674062105,20.0,True,False
42,XXZ,0.2,74,0.43991473756099947,20.0,True,False,0.43991473756099947,20.0,True,False
42,XXZ,0.2,75,0.6280393839304597,20.0,True,False,0.6280393839304597,20.0,True,False
42,XXZ,0.2,76,0.9101961900374012,20.0,True,False,0.9101961900374012,20.0,True,False
42,XXZ,0.2,77,0.87486191094269,4.505359242072666,False,True,0.87486191094269,4.4999625978225595,False,True
42,XXZ,0.2,78,0.8785856581645649,6.184215651994574,False,True,0.8785856581645649,6.144622811051618,False,True
42,XXZ,0.2,79,0.3813873058288228,4.176227311127929,False,True,0.3813873058288228,4.142382939759464,False,True
42,XXZ,0.2,80,0.9409294146669451,5.857360015773757,False,True,0.9409294146669451,5.854831348924785,False,True
42,XXZ,0.2,81,0.6105081168616961,1.8532174841247038,False,False,0.6105081168616961,1.837551035109882,False,False
42,XXZ,0.2,82,0.5910476655383938,7.8345668038814456,False,True,0.5910476655383938,7.8316995352932475,False,True
42,XXZ,0.2,83,0.6479670577019089,2.6832221089615294,False,True,0.6479670577019089,2.678850123230269,False,True
42,XXZ,0.2,84,0.27115548076208373,16.366246873672456,False,False,0.27115548076208373,19.687877524172457,False,False
42,XXZ,0.2,85,0.706525814857019,20.0,True,False,0.706525814857019,20.0,True,False
42,XXZ,0.2,86,0.5088828762318455,0.7330946113336068,False,True,0.5088828762318455,0.7307959515155045,False,True
42,XXZ,0.2,87,0.5222338646909185,0.8858229756156497,False,True,0.5222338646909185,0.8815533966334623,False,True
42,XXZ,0.2,88,0.06121119659663058,3.702060268459845,False,True,0.06121119659663058,3.698901345503591,False,True
42,XXZ,0.2,89,0.45110431454787364,4.080610006986813,False,True,0.45110431454787364,4.077575316841192,False,True
42,XXZ,0.2,90,0.5800197729740617,0.8757326492964309,False,True,0.5800197729740617,0.8083908417761169,False,True
42,XXZ,0.2,91,0.9966758597558284,20.0,True,False,0.9966758597558284,20.0,True,False
42,XXZ,0.2,92,0.5970584622844299,2.8606995214482565,False,True,0.5970584622844299,2.858110860241121,False,True
42,XXZ,0.2,93,0.6309038466021318,4.118299332329303,False,True,0.6309038466021318,4.113408409328106,False,True
42,XXZ,0.2,94,0.8941917606837314,20.0,True,False,0.8941917606837314,20.0,True,False
42,XXZ,0.2,95,0.7856895546551174,20.0,True,False,0.7856895546551174,20.0,True,False
42,XXZ,0.2,96,0.7124343881810568,20.0,True,False,0.7124343881810568,20.0,True,False
42,XXZ,0.2,97,0.46893959313967315,3.9366598083869015,False,True,0.46893959313967315,3.9209923934168622,False,True
42,XXZ,0.2,98,0.7273532225511312,8.820092936028814,False,True,0.7273532225511312,8.802246024846136,False,True
42,XXZ,0.2,99,0.5350697383366293,20.0,True,False,0.5350697383366293,20.0,True,False
42,XXZ,0.8,0,0.9178465386616496,20.0,True,False,0.9178465386616496,20.0,True,False
42,XXZ,0.8,1,0.08008174865276428,1.8946962170982533,False,True,0.08008174865276428,1.8935151855941394,False,True
42,XXZ,0.8,2,0.9287313235067853,20.0,True,False,0.9287313235067853,20.0,True,False
42,XXZ,0.8,3,0.7423906770675132,2.206550748804873,False,True,0.7423906770675132,2.191284169528087,False,True
42,XXZ,0.8,4,0.8397557575298188,20.0,True,False,0.8397557575298188,20.0,True,False
42,XXZ,0.8,5,0.8264448381990536,20.0,True,False,0.8264448381990536,20.0,True,False
42,XXZ,0.8,6,0.200056291125014,1.8580763207273994,False,True,0.200056291125014,1.8563518972237845,False,True
42,XXZ,0.8,7,0.6570207484853439,20.0,True,False,0.6570207484853439,20.0,True,False
42,XXZ,0.8,8,0.7823681368226002,20.0,True,False,0.7823681368226002,20.0,True,False
42,XXZ,0.8,9,0.3183648547018675,1.0838899375187145,False,True,0.3183648547018675,1.0834417602514712,False,True
42,XXZ,0.8,10,0.6587354058663779,1.5628310159392527,False,False,0.6587354058663779,1.5328524891124755,False,False
42,XXZ,0.8,11,0.8343367020525607,20.0,True,False,0.8343367020525607,20.0,True,False
42,XXZ,0.8,12,0.9711665327047526,20.0,True,False,0.9711665327047526,20.0,True,False
42,XXZ,0.8,13,0.7823834097583077,6.686832088209724,False,True,0.7823834097583077,5.89103708079563,False,True
42,XXZ,0.8,14,0.4449158784553941,6.6887751797758535,False,True,0.4449158784553941,6.685458248681645,False,True
42,XXZ,0.8,15,0.7056945532324359,20.0,True,False,0.7056945532324359,20.0,True,False
42,XXZ,0.8,16,0.5695225601639383,20.0,True,False,0.5695225601639383,20.0,True,False
42,XXZ,0.8,17,0.697232774046311,20.0,True,False,0.697232774046311,20.0,True,False
42,XXZ,0.8,18,0.947699272776218,20.0,True,False,0.947699272776218,20.0,True,False
42,XXZ,0.8,19,0.8077729022137534,20.0,True,False,0.8077729022137534,20.0,True,False
42,XXZ,0.8,20,0.7053834187460843,20.0,True,False,0.7053834187460843,20.0,True,False
42,XXZ,0.8,21,0.8086498352482655,2.015032225676739,False,False,0.8086498352482655,1.9527291558250084,False,False
42,XXZ,0.8,22,0.4886202191088923,4.916871589090492,False,True,0.4886202191088923,3.999837535040498,False,True
42,XXZ,0.8,23,0.8164396187447325,20.0,True,False,0.8164396187447325,20.0,True,False
42,XXZ,0.8,24,0.6715091648159943,20.0,True,False,0.6715091648159943,20.0,True,False
42,XXZ,0.8,25,0.9003490647987166,20.0,True,False,0.9003490647987166,20.0,True,False
42,XXZ,0.8,26,0.41000650714368014,1.190410038602924,False,True,0.41000650714368014,1.183357419012,False,True
42,XXZ,0.8,27,0.4457315002828546,20.0,True,False,0.4457315002828546,20.0,True,False
42,XXZ,0.8,28,0.8609196133306177,3.292784846808958,False,True,0.8609196133306177,3.289601088493188,False,True
42,XXZ,0.8,29,0.8950502631540928,20.0,True,False,0.8950502631540928,20.0,True,False
42,XXZ,0.8,30,0.7571938167860949,20.0,True,False,0.7571938167860949,20.0,True,False
42,XXZ,0.8,31,0.3530230322964946,4.053636914986979,False,True,0.3530230322964946,4.0509439669784,False,True
42,XXZ,0.8,32,0.9105311721709246,20.0,True,False,0.9105311721709246,20.0,True,False
42,XXZ,0.8,33,0.6073315931455713,1.1549054931528515,False,True,0.6073315931455713,1.1533937296769978,False,True
42,XXZ,0.8,34,0.2505011533633707,2.9566800036812104,False,True,0.2505011533633707,2.954362465499366,False,True
42,XXZ,0.8,35,0.7213917712296684,1.5489395123664125,False,True,0.7213917712296684,1.5452828150288551,False,True
42,XXZ,0.8,36,0.7041399286262587,6.266672405938453,False,True,0.7041399286262587,6.262864813421983,False,True
42,XXZ,0.8,37,0.1803648208297399,7.8974013818952296,False,True,0.1803648208297399,7.896791819647061,False,True
42,XXZ,0.8,38,0.06996349923320135,0.9974811987919472,False,True,0.06996349923320135,0.9968903654921171,False,True
42,XXZ,0.8,39,0.4031640159315382,3.0722217696019793,False,True,0.4031640159315382,3.0671657162534824,False,True
42,XXZ,0.8,40,0.9602651272981655,5.330253223829561,False,True,0.9602651272981655,5.324034608230479,False,True
42,XXZ,0.8,41,0.6656604390752495,1.4747444832530485,False,False,0.6656604390752495,1.44748777440449,False,False
42,XXZ,0.8,42,0.3891390786537511,0.7207998306714414,False,False,0.3891390786537511,0.7142068353083807,False,False
42,XXZ,0.8,43,0.381383427972645,4.7954542535823474,False,True,0.381383427972645,4.794205373070267,False,True
42,XXZ,0.8,44,0.4107186603067661,1.1017679868524124,False,True,0.4107186603067661,1.0971525442922045,False,True
42,XXZ,0.8,45,0.5506663544088317,3.7950256688218986,False,True,0.5506663544088317,3.790127298870421,False,True
42,XXZ,0.8,46,0.665899073828434,20.0,True,False,0.665899073828434,20.0,True,False
42,XXZ,0.8,47,0.39350622152954867,20.0,True,False,0.39350622152954867,20.0,True,False
42,XXZ,0.8,48,0.2936794211691359,20.0,True,False,0.2936794211691359,20.0,True,False
42,XXZ,0.8,49,0.6843066248461637,4.960913279689493,False,True,0.6843066248461637,4.945546016426619,False,True
42,XXZ,0.8,50,0.6334278172354905,20.0,True,False,0.6334278172354905,20.0,True,False
42,XXZ,0.8,51,0.7089689932045962,20.0,True,False,0.7089689932045962,20.0,True,False
42,XXZ,0.8,52,0.8012848943143039,8.496174937439315,False,True,0.8012848943143039,8.49543893707451,False,True
42,XXZ,0.8,53,0.6915624154371399,20.0,True,False,0.6915624154371399,20.0,True,False
42,XXZ,0.8,54,0.8873658472376368,3.3512350047160524,False,False,0.8873658472376368,3.3349263593623313,False,False
42,XXZ,0.8,55,0.647439224076677,3.274236196561035,False,True,0.647439224076677,3.270600539261948,False,True
42,XXZ,0.8,56,0.6210983587139752,20.0,True,False,0.6210983587139752,20.0,True,False
42,XXZ,0.8,57,0.40471923276734584,0.4909056874354817,False,True,0.40471923276734584,0.4873342328630832,False,True
42,XXZ,0.8,58,0.5745290781769952,5.077977676950979,False,True,0.5745290781769952,4.099753649744248,False,True
42,XXZ,0.8,59,0.45380549222144617,20.0,True,False,0.45380549222144617,20.0,True,False
42,XXZ,0.8,60,0.8735645191299398,20.0,True,False,0.8735645191299398,20.0,True,False
42,XXZ,0.8,61,0.5759878105150603,5.85784220190411,False,True,0.5759878105150603,5.854056156515488,False,True
42,XXZ,0.8,62,0.6824435877500716,20.0,True,False,0.6824435877500716,20.0,True,False
42,XXZ,0.8,63,0.8231874591865274,2.586402035415973,False,True,0.8231874591865274,2.5847495910092566,False,True
42,XXZ,0.8,64,0.52244142543026,5.721057291099138,False,True,0.52244142543026,5.713344697045022,False,True
42,XXZ,0.8,65,0.9378688469180464,20.0,True,False,0.9378688469180464,20.0,True,False
42,XXZ,0.8,66,0.28519934794888624,0.8487055102234472,False,True,0.28519934794888624,0.8440528132905699,False,True
42,XXZ,0.8,67,0.5110037577802955,2.99011839541956,False,False,0.5110037577802955,2.9717266805523197,False,False
42,XXZ,0.8,68,0.7111021400446477,20.0,True,False,0.7111021400446477,20.0,True,False
42,XXZ,0.8,69,0.7177784647341784,6.894279946875389,False,True,0.7177784647341784,6.892441662913048,False,True
42,XXZ,0.8,70,0.7535251097990945,20.0,True,False,0.7535251097990945,20.0,True,False
42,XXZ,0.8,71,0.17453136569612018,20.0,True,False,0.17453136569612018,20.0,True,False
42,XXZ,0.8,72,0.42452258640793866,20.0,True,False,0.42452258640793866,20.0,True,False
42,XXZ,0.8,73,0.6659662674062105,20.0,True,False,0.6659662674062105,20.0,True,False
42,XXZ,0.8,74,0.43991473756099947,20.0,True,False,0.43991473756099947,20.0,True,False
42,XXZ,0.8,75,0.6280393839304597,20.0,True,False,0.6280393839304597,20.0,True,False
42,XXZ,0.8,76,0.9101961900374012,20.0,True,False,0.9101961900374012,20.0,True,False
42,XXZ,0.8,77,0.87486191094269,4.190938729195753,False,True,0.87486191094269,3.2970927258245832,False,True
42,XXZ,0.8,78,0.8785856581645649,3.473051120043632,False,True,0.8785856581645649,3.4629153184648236,False,True
42,XXZ,0.8,79,0.3813873058288228,6.897100056858152,False,True,0.3813873058288228,6.894846254062508,False,True
42,XXZ,0.8,80,0.9409294146669451,6.397550375762769,False,True,0.9409294146669451,6.396874727434777,False,True
42,XXZ,0.8,81,0.6105081168616961,1.6329599529550074,False,True,0.6105081168616961,1.6269529053757632,False,True
42,XXZ,0.8,82,0.5910476655383938,6.933099423076953,False,True,0.5910476655383938,6.922344900709116,False,True
42,XXZ,0.8,83,0.6479670577019089,1.7432446681685885,False,True,0.6479670577019089,1.7359876388493936,False,True
42,XXZ,0.8,84,0.27115548076208373,20.0,True,False,0.27115548076208373,20.0,True,False
42,XXZ,0.8,85,0.706525814857019,20.0,True,False,0.706525814857019,20.0,True,False
42,XXZ,0.8,86,0.5088828762318455,1.1689044970264277,False,True,0.5088828762318455,1.1683002750222213,False,True
42,XXZ,0.8,87,0.5222338646909185,1.1912761030334253,False,True,0.5222338646909185,1.1899337241955348,False,True
42,XXZ,0.8,88,0.06121119659663058,3.8918200666254945,False,True,0.06121119659663058,3.8911099845298547,False,True
42,XXZ,0.8,89,0.45110431454787364,2.9958728790419835,False,True,0.45110431454787364,2.9943730857310835,False,True
42,XXZ,0.8,90,0.5800197729740617,1.0060849898561917,False,True,0.5800197729740617,1.0020432075452415,False,True
42,XXZ,0.8,91,0.9966758597558284,20.0,True,False,0.9966758597558284,20.0,True,False
42,XXZ,0.8,92,0.5970584622844299,1.6776110424064656,False,True,0.5970584622844299,1.676886079215415,False,True
42,XXZ,0.8,93,0.6309038466021318,1.1010627751134505,False,True,0.6309038466021318,1.098880507105269,False,True
42,XXZ,0.8,94,0.8941917606837314,20.0,True,False,0.8941917606837314,20.0,True,False
42,XXZ,0.8,95,0.7856895546551174,20.0,True,False,0.7856895546551174,20.0,True,False
42,XXZ,0.8,96,0.7124343881810568,20.0,True,False,0.7124343881810568,20.0,True,False
42,XXZ,0.8,97,0.46893959313967315,4.937786280156984,False,True,0.46893959313967315,4.9171162436913045,False,True
42,XXZ,0.8,98,0.7273532225511312,9.078019825650152,False,True,0.7273532225511312,9.074517465720305,False,True
42,XXZ,0.8,99,0.5350697383366293,20.0,True,False,0.5350697383366293,20.0,True,False
42,XXZ,1.5,0,0.9178465386616496,20.0,True,False,0.9178465386616496,20.0,True,False
42,XXZ,1.5,1,0.08008174865276428,2.0533439469860486,False,True,0.08008174865276428,2.052193050153565,False,True
42,XXZ,1.5,2,0.9287313235067853,20.0,True,False,0.9287313235067853,20.0,True,False
42,XXZ,1.5,3,0.7423906770675132,3.262661416037482,False,True,0.7423906770675132,3.253515721247243,False,True
42,XXZ,1.5,4,0.8397557575298188,20.0,True,False,0.8397557575298188,20.0,True,False
42,XXZ,1.5,5,0.8264448381990536,20.0,True,False,0.8264448381990536,20.0,True,False
42,XXZ,1.5,6,0.200056291125014,0.49097684707444655,False,True,0.200056291125014,0.4901781500683605,False,True
42,XXZ,1.5,7,0.6570207484853439,20.0,True,False,0.6570207484853439,20.0,True,False
42,XXZ,1.5,8,0.7823681368226002,20.0,True,False,0.7823681368226002,20.0,True,False
42,XXZ,1.5,9,0.3183648547018675,0.5965672490680014,False,True,0.3183648547018675,0.5962991897874967,False,True
42,XXZ,1.5,10,0.6587354058663779,3.584477186963548,False,False,0.6587354058663779,3.514569672698944,False,False
42,XXZ,1.5,11,0.8343367020525607,20.0,True,False,0.8343367020525607,20.0,True,False
42,XXZ,1.5,12,0.9711665327047526,20.0,True,False,0.9711665327047526,20.0,True,False
42,XXZ,1.5,13,0.7823834097583077,5.294609802209887,False,True,0.7823834097583077,5.248785226558217,False,True
42,XXZ,1.5,14,0.4449158784553941,5.158028298816143,False,True,0.4449158784553941,5.154585493481674,False,True
42,XXZ,1.5,15,0.7056945532324359,20.0,True,False,0.7056945532324359,20.0,True,False
42,XXZ,1.5,16,0.5695225601639383,20.0,True,False,0.5695225601639383,20.0,True,False
42,XXZ,1.5,17,0.697232774046311,20.0,True,False,0.697232774046311,20.0,True,False
42,XXZ,1.5,18,0.947699272776218,20.0,True,False,0.947699272776218,20.0,True,False
42,XXZ,1.5,19,0.8077729022137534,20.0,True,False,0.8077729022137534,20.0,True,False
42,XXZ,1.5,20,0.7053834187460843,20.0,True,False,0.7053834187460843,20.0,True,False
42,XXZ,1.5,21,0.8086498352482655,2.2339407873095762,False,False,0.8086498352482655,2.2194229357621853,False,False
42,XXZ,1.5,22,0.4886202191088923,2.6326703657872477,False,True,0.4886202191088923,2.6285542298992577,False,True
42,XXZ,1.5,23,0.8164396187447325,20.0,True,False,0.8164396187447325,20.0,True,False
42,XXZ,1.5,24,0.6715091648159943,20.0,True,False,0.6715091648159943,20.0,True,False
42,XXZ,1.5,25,0.9003490647987166,20.0,True,False,0.9003490647987166,20.0,True,False
42,XXZ,1.5,26,0.41000650714368014,1.6382052394530828,False,True,0.41000650714368014,1.6340620354462687,False,True
42,XXZ,1.5,27,0.4457315002828546,20.0,True,False,0.4457315002828546,20.0,True,False
42,XXZ,1.5,28,0.8609196133306177,5.962142975708579,False,True,0.8609196133306177,5.9581600291524435,False,True
42,XXZ,1.5,29,0.8950502631540928,20.0,True,False,0.8950502631540928,20.0,True,False
42,XXZ,1.5,30,0.7571938167860949,20.0,True,False,0.7571938167860949,20.0,True,False
42,XXZ,1.5,31,0.3530230322964946,2.1953846048393397,False,True,0.3530230322964946,2.1940026442470146,False,True
42,XXZ,1.5,32,0.9105311721709246,20.0,True,False,0.9105311721709246,20.0,True,False
42,XXZ,1.5,33,0.6073315931455713,1.6615848461327074,False,True,0.6073315931455713,1.6607035759888564,False,True
42,XXZ,1.5,34,0.2505011533633707,7.8833240612102715,False,True,0.2505011533633707,6.299705420609588,False,True
42,XXZ,1.5,35,0.7213917712296684,1.898667172660548,False,True,0.7213917712296684,1.896547105605575,False,True
42,XXZ,1.5,36,0.7041399286262587,4.396731634416654,False,True,0.7041399286262587,4.395224308684127,False,True
42,XXZ,1.5,37,0.1803648208297399,13.09709345884245,False,True,0.1803648208297399,13.096987674303339,False,True
42,XXZ,1.5,38,0.06996349923320135,1.5483497723193362,False,True,0.06996349923320135,1.5471663793551118,False,True
42,XXZ,1.5,39,0.4031640159315382,5.291031107331783,False,True,0.4031640159315382,5.290674522876514,False,True
42,XXZ,1.5,40,0.9602651272981655,3.388553827696293,False,True,0.9602651272981655,3.386352147521341,False,True
42,XXZ,1.5,41,0.6656604390752495,1.4369125321945502,False,False,0.6656604390752495,1.420409296481634,False,False
42,XXZ,1.5,42,0.3891390786537511,0.463183104479512,False,False,0.3891390786537511,0.45947963811053383,False,False
42,XXZ,1.5,43,0.381383427972645,3.599131080427504,False,True,0.381383427972645,3.5986664759388995,False,True
42,XXZ,1.5,44,0.4107186603067661,1.6944619518091306,False,True,0.4107186603067661,1.6914118778380605,False,True
42,XXZ,1.5,45,0.5506663544088317,3.0881998938134947,False,True,0.5506663544088317,3.0851311961754035,False,True
42,XXZ,1.5,46,0.665899073828434,20.0,True,False,0.665899073828434,20.0,True,False
42,XXZ,1.5,47,0.39350622152954867,20.0,True,False,0.39350622152954867,20.0,True,False
42,XXZ,1.5,48,0.2936794211691359,20.0,True,False,0.2936794211691359,20.0,True,False
42,XXZ,1.5,49,0.6843066248461637,4.195470965110106,False,True,0.6843066248461637,4.187817189584847,False,True
42,XXZ,1.5,50,0.6334278172354905,20.0,True,False,0.6334278172354905,20.0,True,False
42,XXZ,1.5,51,0.7089689932045962,20.0,True,False,0.7089689932045962,20.0,True,False
42,XXZ,1.5,52,0.8012848943143039,3.4958463052773747,False,True,0.8012848943143039,3.495455769270575,False,True
42,XXZ,1.5,53,0.6915624154371399,20.0,True,False,0.6915624154371399,20.0,True,False
42,XXZ,1.5,54,0.8873658472376368,3.473586183564714,False,True,0.8873658472376368,3.4586127160334934,False,True
42,XXZ,1.5,55,0.647439224076677,3.344210970402264,False,True,0.647439224076677,3.340452537132284,False,True
42,XXZ,1.5,56,0.6210983587139752,20.0,True,False,0.6210983587139752,20.0,True,False
42,XXZ,1.5,57,0.40471923276734584,0.7898325106821869,False,True,0.40471923276734584,0.7876442075786086,False,True
42,XXZ,1.5,58,0.5745290781769952,13.195293305619025,False,True,0.5745290781769952,13.194560952291251,False,True
42,XXZ,1.5,59,0.45380549222144617,20.0,True,False,0.45380549222144617,20.0,True,False
42,XXZ,1.5,60,0.8735645191299398,20.0,True,False,0.8735645191299398,20.0,True,False
42,XXZ,1.5,61,0.5759878105150603,5.774503598867958,False,True,0.5759878105150603,5.771486536427166,False,True
42,XXZ,1.5,62,0.6824435877500716,20.0,True,False,0.6824435877500716,20.0,True,False
42,XXZ,1.5,63,0.8231874591865274,2.9824687798198526,False,True,0.8231874591865274,2.9810195240987287,False,True
42,XXZ,1.5,64,0.52244142543026,5.17308568106802,False,True,0.52244142543026,5.16922125322002,False,True
42,XXZ,1.5,65,0.9378688469180464,20.0,True,False,0.9378688469180464,20.0,True,False
42,XXZ,1.5,66,0.28519934794888624,0.9784691326037173,False,True,0.28519934794888624,0.9762675884453454,False,True
42,XXZ,1.5,67,0.5110037577802955,2.6577011048763164,False,False,0.5110037577802955,2.6446876163054784,False,False
42,XXZ,1.5,68,0.7111021400446477,20.0,True,False,0.7111021400446477,20.0,True,False
42,XXZ,1.5,69,0.7177784647341784,13.099496291417482,False,True,0.7177784647341784,13.098845589168393,False,True
42,XXZ,1.5,70,0.7535251097990945,20.0,True,False,0.7535251097990945,20.0,True,False
42,XXZ,1.5,71,0.17453136569612018,20.0,True,False,0.17453136569612018,20.0,True,False
42,XXZ,1.5,72,0.42452258640793866,20.0,True,False,0.42452258640793866,20.0,True,False
42,XXZ,1.5,73,0.6659662674062105,20.0,True,False,0.6659662674062105,20.0,True,False
42,XXZ,1.5,74,0.43991473756099947,20.0,True,False,0.43991473756099947,20.0,True,False
42,XXZ,1.5,75,0.6280393839304597,20.0,True,False,0.6280393839304597,20.0,True,False
42,XXZ,1.5,76,0.9101961900374012,20.0,True,False,0.9101961900374012,20.0,True,False
42,XXZ,1.5,77,0.87486191094269,2.252563481316577,False,True,0.87486191094269,2.249438795865069,False,True
42,XXZ,1.5,78,0.8785856581645649,5.589875775371963,False,True,0.8785856581645649,5.579334894322855,False,True
42,XXZ,1.5,79,0.3813873058288228,7.882406476948792,False,True,0.3813873058288228,7.880879792343035,False,True
42,XXZ,1.5,80,0.9409294146669451,4.996015985498412,False,True,0.9409294146669451,4.99562982211398,False,True
42,XXZ,1.5,81,0.6105081168616961,1.359977021947573,False,True,0.6105081168616961,0.8999704290707591,False,True
42,XXZ,1.5,82,0.5910476655383938,9.479681372554719,False,True,0.5910476655383938,9.47665904799116,False,True
42,XXZ,1.5,83,0.6479670577019089,1.456916090048498,False,True,0.6479670577019089,1.45355920311443,False,True
42,XXZ,1.5,84,0.27115548076208373,20.0,True,False,0.27115548076208373,20.0,True,False
42,XXZ,1.5,85,0.706525814857019,20.0,True,False,0.706525814857019,20.0,True,False
42,XXZ,1.5,86,0.5088828762318455,1.6953858225144414,False,True,0.5088828762318455,1.6949402215299187,False,True
42,XXZ,1.5,87,0.5222338646909185,0.6841014577343977,False,True,0.5222338646909185,0.6830965204228646,False,True
42,XXZ,1.5,88,0.06121119659663058,2.095557271509747,False,True,0.06121119659663058,2.0949428531327796,False,True
42,XXZ,1.5,89,0.45110431454787364,7.399063066968945,False,True,0.45110431454787364,5.799469852584074,False,True
42,XXZ,1.5,90,0.5800197729740617,1.6571372880585626,False,True,0.5800197729740617,1.6493090551216867,False,True
42,XXZ,1.5,91,0.9966758597558284,20.0,True,False,0.9966758597558284,20.0,True,False
42,XXZ,1.5,92,0.5970584622844299,2.9961840220512057,False,True,0.5970584622844299,2.9958559450089504,False,True
42,XXZ,1.5,93,0.6309038466021318,1.1836456941899318,False,True,0.6309038466021318,1.1795463206941688,False,True
42,XXZ,1.5,94,0.8941917606837314,20.0,True,False,0.8941917606837314,20.0,True,False
42,XXZ,1.5,95,0.7856895546551174,20.0,True,False,0.7856895546551174,20.0,True,False
42,XXZ,1.5,96,0.7124343881810568,20.0,True,False,0.7124343881810568,20.0,True,False
42,XXZ,1.5,97,0.46893959313967315,3.686509054451671,False,True,0.46893959313967315,3.684149540452318,False,True
42,XXZ,1.5,98,0.7273532225511312,6.963139670118742,False,True,0.7273532225511312,5.899537278047621,False,True
42,XXZ,1.5,99,0.5350697383366293,20.0,True,False,0.5350697383366293,20.0,True,False
42,TFIM,0.2,0,0.9178465386616496,3.662410005123626,False,True,0.9178465386616496,3.680291493072015,False,True
42,TFIM,0.2,1,0.08008174865276428,1.280468568216133,False,True,0.08008174865276428,1.26326257969224,False,True
42,TFIM,0.2,2,0.9287313235067853,9.474885496804129,False,True,0.9287313235067853,9.46141687173962,False,True
42,TFIM,0.2,3,0.7423906770675132,1.8134507821787067,False,True,0.7423906770675132,1.797124319760625,False,True
42,TFIM,0.2,4,0.8397557575298188,20.0,True,False,0.8397557575298188,9.085027590532293,False,True
42,TFIM,0.2,5,0.8264448381990536,2.587824282869817,False,True,0.8264448381990536,2.576281656732312,False,True
42,TFIM,0.2,6,0.200056291125014,8.769710173742169,False,True,0.200056291125014,8.758623068631792,False,True
42,TFIM,0.2,7,0.6570207484853439,8.185221403479527,False,True,0.6570207484853439,8.182179653427996,False,True
42,TFIM,0.2,8,0.7823681368226002,10.413427462797175,False,True,0.7823681368226002,10.422389772717272,False,True
42,TFIM,0.2,9,0.3183648547018675,1.881342074491242,False,True,0.3183648547018675,1.8801923567743255,False,True
42,TFIM,0.2,10,0.6587354058663779,1.879712051543855,False,True,0.6587354058663779,1.8480235949023522,False,True
42,TFIM,0.2,11,0.8343367020525607,3.2284836929314844,False,True,0.8343367020525607,3.1901966547356273,False,True
42,TFIM,0.2,12,0.9711665327047526,20.0,True,False,0.9711665327047526,20.0,True,False
42,TFIM,0.2,13,0.7823834097583077,3.873278221389306,False,True,0.7823834097583077,3.8406246394140187,False,True
42,TFIM,0.2,14,0.4449158784553941,4.296476179804135,False,True,0.4449158784553941,4.270714857761759,False,True
42,TFIM,0.2,15,0.7056945532324359,20.0,True,False,0.7056945532324359,20.0,True,False
42,TFIM,0.2,16,0.5695225601639383,4.866408726260807,False,True,0.5695225601639383,4.853585849827585,False,True
42,TFIM,0.2,17,0.697232774046311,3.945594746490783,False,True,0.697232774046311,3.985381795363542,False,True
42,TFIM,0.2,18,0.947699272776218,4.341512752475821,False,True,0.947699272776218,4.348443620862205,False,True
42,TFIM,0.2,19,0.8077729022137534,6.1737495232279755,False,True,0.8077729022137534,6.169287033909429,False,True
42,TFIM,0.2,20,0.7053834187460843,4.691972847289725,False,True,0.7053834187460843,4.68627922440721,False,True
42,TFIM,0.2,21,0.8086498352482655,2.5636783385171302,False,True,0.8086498352482655,2.555516150663058,False,True
42,TFIM,0.2,22,0.4886202191088923,8.908613383844305,False,True,0.4886202191088923,8.904945934417563,False,True
42,TFIM,0.2,23,0.8164396187447325,20.0,True,False,0.8164396187447325,20.0,True,False
42,TFIM,0.2,24,0.6715091648159943,6.338168831789676,False,True,0.6715091648159943,6.351775128326268,False,True
42,TFIM,0.2,25,0.9003490647987166,7.327934261671234,False,True,0.9003490647987166,7.311545245599551,False,True
42,TFIM,0.2,26,0.41000650714368014,1.3876028353597556,False,True,0.41000650714368014,1.3621128958837192,False,True
42,TFIM,0.2,27,0.4457315002828546,3.2918783096960738,False,True,0.4457315002828546,3.2824893754424243,False,True
42,TFIM,0.2,28,0.8609196133306177,4.0282801876670735,False,True,0.8609196133306177,4.017969319854469,False,True
42,TFIM,0.2,29,0.8950502631540928,20.0,True,False,0.8950502631540928,20.0,True,False
42,TFIM,0.2,30,0.7571938167860949,20.0,True,False,0.7571938167860949,20.0,True,False
42,TFIM,0.2,31,0.3530230322964946,1.2434506960197949,False,True,0.3530230322964946,1.2291730190745709,False,True
42,TFIM,0.2,32,0.9105311721709246,5.506953315010911,False,True,0.9105311721709246,5.50683947120574,False,True
42,TFIM,0.2,33,0.6073315931455713,1.6394423167353247,False,True,0.6073315931455713,1.6352550976305005,False,True
42,TFIM,0.2,34,0.2505011533633707,8.690466667342157,False,True,0.2505011533633707,8.676524958876842,False,True
42,TFIM,0.2,35,0.7213917712296684,2.5505823261757516,False,True,0.7213917712296684,2.5289085615196316,False,True
42,TFIM,0.2,36,0.7041399286262587,7.675318000589801,False,True,0.7041399286262587,7.65936472326004,False,True
42,TFIM,0.2,37,0.1803648208297399,7.779259353894745,False,True,0.1803648208297399,20.0,True,False
42,TFIM,0.2,38,0.06996349923320135,0.5938319490759887,False,True,0.06996349923320135,0.5867515604549948,False,True
42,TFIM,0.2,39,0.4031640159315382,1.7813420518573784,False,True,0.4031640159315382,1.7153484800836045,False,True
42,TFIM,0.2,40,0.9602651272981655,2.69787073221713,False,True,0.9602651272981655,2.694380132975569,False,True
42,TFIM,0.2,41,0.6656604390752495,1.88240083426614,False,True,0.6656604390752495,1.85555802122562,False,True
42,TFIM,0.2,42,0.3891390786537511,0.9967437087701198,False,True,0.3891390786537511,0.9862228754999419,False,True
42,TFIM,0.2,43,0.381383427972645,7.570730726121804,False,True,0.381383427972645,7.573763014937316,False,True
42,TFIM,0.2,44,0.4107186603067661,1.8762516424006337,False,True,0.4107186603067661,1.8658485423366253,False,True
42,TFIM,0.2,45,0.5506663544088317,3.421916888989529,False,True,0.5506663544088317,3.415847048266251,False,True
42,TFIM,0.2,46,0.665899073828434,20.0,True,False,0.665899073828434,20.0,True,False
42,TFIM,0.2,47,0.39350622152954867,1.4909051820081907,False,True,0.39350622152954867,1.4834429787097618,False,True
42,TFIM,0.2,48,0.2936794211691359,6.968662781917607,False,True,0.2936794211691359,6.998952270308538,False,True
42,TFIM,0.2,49,0.6843066248461637,1.8990351956993228,False,True,0.6843066248461637,1.8750598310890192,False,True
42,TFIM,0.2,50,0.6334278172354905,8.692602984832991,False,True,0.6334278172354905,8.681288065025681,False,True
42,TFIM,0.2,51,0.7089689932045962,20.0,True,False,0.7089689932045962,20.0,True,False
42,TFIM,0.2,52,0.8012848943143039,20.0,True,False,0.8012848943143039,20.0,True,False
42,TFIM,0.2,53,0.6915624154371399,20.0,True,False,0.6915624154371399,20.0,True,False
42,TFIM,0.2,54,0.8873658472376368,3.1878252927692463,False,True,0.8873658472376368,3.1824375844108985,False,True
42,TFIM,0.2,55,0.647439224076677,6.692733291610672,False,True,0.647439224076677,6.688559840076131,False,True
42,TFIM,0.2,56,0.6210983587139752,9.460058354678683,False,True,0.6210983587139752,9.475832416744336,False,True
42,TFIM,0.2,57,0.40471923276734584,2.090568963838528,False,True,0.40471923276734584,2.0841035679294126,False,True
42,TFIM,0.2,58,0.5745290781769952,11.340807065015769,False,True,0.5745290781769952,11.33758931267009,False,True
42,TFIM,0.2,59,0.45380549222144617,2.279477743950974,False,True,0.45380549222144617,2.277229423975077,False,True
42,TFIM,0.2,60,0.8735645191299398,7.261945918310269,False,True,0.8735645191299398,7.239972463412747,False,True
42,TFIM,0.2,61,0.5759878105150603,6.983324356883841,False,True,0.5759878105150603,6.963080045656313,False,True
42,TFIM,0.2,62,0.6824435877500716,5.389193300972912,False,True,0.6824435877500716,5.3862558043465345,False,True
42,TFIM,0.2,63,0.8231874591865274,4.521437787432842,False,True,0.8231874591865274,4.50377465294081,False,True
42,TFIM,0.2,64,0.52244142543026,7.45291021669764,False,True,0.52244142543026,7.429653601400362,False,True
42,TFIM,0.2,65,0.9378688469180464,2.94654634833372,False,True,0.9378688469180464,2.9375871611042026,False,True
42,TFIM,0.2,66,0.28519934794888624,1.0478913441302167,False,True,0.28519934794888624,1.0193077849005296,False,True
42,TFIM,0.2,67,0.5110037577802955,2.1824097478916786,False,True,0.5110037577802955,2.154942032860576,False,True
42,TFIM,0.2,68,0.7111021400446477,8.533750644690626,False,True,0.7111021400446477,8.528241288391929,False,True
42,TFIM,0.2,69,0.7177784647341784,3.454469460069133,False,True,0.7177784647341784,3.4547976672898373,False,True
42,TFIM,0.2,70,0.7535251097990945,7.267045665324799,False,True,0.7535251097990945,7.271486576274503,False,True
42,TFIM,0.2,71,0.17453136569612018,2.1951800164814146,False,True,0.17453136569612018,20.0,True,False
42,TFIM,0.2,72,0.42452258640793866,20.0,True,False,0.42452258640793866,20.0,True,False
42,TFIM,0.2,73,0.6659662674062105,20.0,True,False,0.6659662674062105,20.0,True,False
42,TFIM,0.2,74,0.43991473756099947,20.0,True,False,0.43991473756099947,5.094202116749509,False,True
42,TFIM,0.2,75,0.6280393839304597,20.0,True,False,0.6280393839304597,20.0,True,False
42,TFIM,0.2,76,0.9101961900374012,5.241406023578479,False,True,0.9101961900374012,5.236468117450598,False,True
42,TFIM,0.2,77,0.87486191094269,2.0650061928906323,False,True,0.87486191094269,2.0568318035509714,False,True
42,TFIM,0.2,78,0.8785856581645649,3.675581785989573,False,True,0.8785856581645649,3.658463621164757,False,True
42,TFIM,0.2,79,0.3813873058288228,7.328684382842412,False,True,0.3813873058288228,7.3325821189556875,False,True
42,TFIM,0.2,80,0.9409294146669451,8.125874691444093,False,True,0.9409294146669451,8.10215092189137,False,True
42,TFIM,0.2,81,0.6105081168616961,1.8644942205263868,False,True,0.6105081168616961,1.8538397717221404,False,True
42,TFIM,0.2,82,0.5910476655383938,2.9946439366736364,False,True,0.5910476655383938,2.9899127358954494,False,True
42,TFIM,0.2,83,0.6479670577019089,2.650311724643439,False,True,0.6479670577019089,2.6243365347960315,False,True
42,TFIM,0.2,84,0.27115548076208373,20.0,True,False,0.27115548076208373,20.0,True,False
42,TFIM,0.2,85,0.706525814857019,3.681131786058678,False,True,0.706525814857019,3.6732990675194825,False,True
42,TFIM,0.2,86,0.5088828762318455,1.8820661965790535,False,True,0.5088828762318455,1.8641407281998301,False,True
42,TFIM,0.2,87,0.5222338646909185,5.471236136216342,False,True,0.5222338646909185,2.0920171253875077,False,True
42,TFIM,0.2,88,0.06121119659663058,8.516119925585304,False,True,0.06121119659663058,8.512092687073737,False,True
42,TFIM,0.2,89,0.45110431454787364,2.281150085883325,False,True,0.45110431454787364,2.2458567554219386,False,True
42,TFIM,0.2,90,0.5800197729740617,1.12803494017896,False,True,0.5800197729740617,1.096502799230618,False,True
42,TFIM,0.2,91,0.9966758597558284,8.310043611406872,False,True,0.9966758597558284,20.0,True,False
42,TFIM,0.2,92,0.5970584622844299,6.8180975571917966,False,True,0.5970584622844299,6.807594642539713,False,True
42,TFIM,0.2,93,0.6309038466021318,1.6544608414352344,False,True,0.6309038466021318,1.645599646400384,False,True
42,TFIM,0.2,94,0.8941917606837314,7.304674302304831,False,True,0.8941917606837314,7.298362215317178,False,True
42,TFIM,0.2,95,0.7856895546551174,1.4805625384135,False,True,0.7856895546551174,1.4656524302787475,False,True
42,TFIM,0.2,96,0.7124343881810568,3.797818247373452,False,True,0.7124343881810568,20.0,True,False
42,TFIM,0.2,97,0.46893959313967315,4.7197431943563695,False,True,0.46893959313967315,4.695800143142077,False,True
42,TFIM,0.2,98,0.7273532225511312,10.217412517115065,False,True,0.7273532225511312,10.2141652327332,False,True
42,TFIM,0.2,99,0.5350697383366293,20.0,True,False,0.5350697383366293,20.0,True,False
42,TFIM,0.8,0,0.9178465386616496,1.4430085987701258,False,True,0.9178465386616496,1.4419717090788802,False,True
42,TFIM,0.8,1,0.08008174865276428,3.3444655529308083,False,True,0.08008174865276428,3.3423407649103725,False,True
42,TFIM,0.8,2,0.9287313235067853,20.0,True,False,0.9287313235067853,20.0,True,False
42,TFIM,0.8,3,0.7423906770675132,1.5339668308332381,False,True,0.7423906770675132,1.5328401248971149,False,True
42,TFIM,0.8,4,0.8397557575298188,2.752908507896747,False,True,0.8397557575298188,2.742351630945287,False,True
42,TFIM,0.8,5,0.8264448381990536,20.0,True,False,0.8264448381990536,20.0,True,False
42,TFIM,0.8,6,0.200056291125014,3.4869922033101908,False,True,0.200056291125014,3.4868945155373434,False,True
42,TFIM,0.8,7,0.6570207484853439,4.755870191008717,False,True,0.6570207484853439,4.748406901242837,False,True
42,TFIM,0.8,8,0.7823681368226002,2.248076819179212,False,True,0.7823681368226002,2.2471756388234767,False,True
42,TFIM,0.8,9,0.3183648547018675,20.0,True,False,0.3183648547018675,20.0,True,False
42,TFIM,0.8,10,0.6587354058663779,1.9644307249081177,False,True,0.6587354058663779,1.9489178210988336,False,True
42,TFIM,0.8,11,0.8343367020525607,20.0,True,False,0.8343367020525607,2.2718366910958756,False,True
42,TFIM,0.8,12,0.9711665327047526,20.0,True,False,0.9711665327047526,20.0,True,False
42,TFIM,0.8,13,0.7823834097583077,1.5764597364863602,False,True,0.7823834097583077,1.5736939996385961,False,True
42,TFIM,0.8,14,0.4449158784553941,1.5795868711509657,False,True,0.4449158784553941,1.5758305302032536,False,True
42,TFIM,0.8,15,0.7056945532324359,2.1327504977060716,False,True,0.7056945532324359,2.128474470691389,False,True
42,TFIM,0.8,16,0.5695225601639383,4.895480065868925,False,True,0.5695225601639383,4.885145886006372,False,True
42,TFIM,0.8,17,0.697232774046311,2.145994922737257,False,True,0.697232774046311,20.0,True,False
42,TFIM,0.8,18,0.947699272776218,1.1399285811267736,False,True,0.947699272776218,1.13658114412757,False,True
42,TFIM,0.8,19,0.8077729022137534,5.638465507334817,False,True,0.8077729022137534,5.639683659924343,False,True
42,TFIM,0.8,20,0.7053834187460843,7.597248141074748,False,True,0.7053834187460843,7.574017415939054,False,True
42,TFIM,0.8,21,0.8086498352482655,0.8460125794375009,False,True,0.8086498352482655,0.836820563219492,False,True
42,TFIM,0.8,22,0.4886202191088923,3.420481725037647,False,True,0.4886202191088923,3.4168188457329367,False,True
42,TFIM,0.8,23,0.8164396187447325,20.0,True,False,0.8164396187447325,20.0,True,False
42,TFIM,0.8,24,0.6715091648159943,3.081911969015471,False,True,0.6715091648159943,3.0672678449471773,False,True
42,TFIM,0.8,25,0.9003490647987166,2.4202811516439677,False,True,0.9003490647987166,2.415309349961804,False,True
42,TFIM,0.8,26,0.41000650714368014,3.2453407545281734,False,True,0.41000650714368014,3.216465911962995,False,True
42,TFIM,0.8,27,0.4457315002828546,1.5227201024633175,False,True,0.4457315002828546,1.5120396271472016,False,True
42,TFIM,0.8,28,0.8609196133306177,0.9261444529980146,False,True,0.8609196133306177,0.9191913918540584,False,True
42,TFIM,0.8,29,0.8950502631540928,20.0,True,False,0.8950502631540928,20.0,True,False
42,TFIM,0.8,30,0.7571938167860949,20.0,True,False,0.7571938167860949,20.0,True,False
42,TFIM,0.8,31,0.3530230322964946,3.974067446123512,False,True,0.3530230322964946,3.9704380439081137,False,True
42,TFIM,0.8,32,0.9105311721709246,2.8500807591579624,False,True,0.9105311721709246,2.8472372896400753,False,True
42,TFIM,0.8,33,0.6073315931455713,1.951591214121418,False,True,0.6073315931455713,1.9450270916111703,False,True
42,TFIM,0.8,34,0.2505011533633707,2.236200585546711,False,True,0.2505011533633707,2.2364960493675934,False,True
42,TFIM,0.8,35,0.7213917712296684,1.180573349934558,False,True,0.7213917712296684,1.1419045663370018,False,True
42,TFIM,0.8,36,0.7041399286262587,2.7453501615265967,False,True,0.7041399286262587,2.7390621848600976,False,True
42,TFIM,0.8,37,0.1803648208297399,20.0,True,False,0.1803648208297399,20.0,True,False
42,TFIM,0.8,38,0.06996349923320135,1.3720832494547321,False,True,0.06996349923320135,1.3702113560004778,False,True
42,TFIM,0.8,39,0.4031640159315382,0.9843747717362392,False,True,0.4031640159315382,0.9786842060110326,False,True
42,TFIM,0.8,40,0.9602651272981655,1.9822310215355927,False,True,0.9602651272981655,1.9748527304510302,False,True
42,TFIM,0.8,41,0.6656604390752495,1.5796613703688327,False,True,0.6656604390752495,1.5813296031609303,False,True
42,TFIM,0.8,42,0.3891390786537511,0.9670666008905124,False,True,0.3891390786537511,0.961606220058865,False,True
42,TFIM,0.8,43,0.381383427972645,3.3776730194379034,False,True,0.381383427972645,3.372635718050423,False,True
42,TFIM,0.8,44,0.4107186603067661,1.3454383030405903,False,True,0.4107186603067661,1.3359124690486934,False,True
42,TFIM,0.8,45,0.5506663544088317,3.098866754507257,False,True,0.5506663544088317,3.101789170949643,False,True
42,TFIM,0.8,46,0.665899073828434,4.187858531977654,False,True,0.665899073828434,4.194533533883673,False,True
42,TFIM,0.8,47,0.39350622152954867,20.0,True,False,0.39350622152954867,20.0,True,False
42,TFIM,0.8,48,0.2936794211691359,20.0,True,False,0.2936794211691359,20.0,True,False
42,TFIM,0.8,49,0.6843066248461637,1.090882726261165,False,True,0.6843066248461637,1.0521497362634293,False,True
42,TFIM,0.8,50,0.6334278172354905,20.0,True,False,0.6334278172354905,20.0,True,False
42,TFIM,0.8,51,0.7089689932045962,20.0,True,False,0.7089689932045962,20.0,True,False
42,TFIM,0.8,52,0.8012848943143039,1.9911991876344388,False,True,0.8012848943143039,1.991060893189779,False,True
42,TFIM,0.8,53,0.6915624154371399,20.0,True,False,0.6915624154371399,20.0,True,False
42,TFIM,0.8,54,0.8873658472376368,3.040663993188148,False,True,0.8873658472376368,3.0386346827979644,False,True
42,TFIM,0.8,55,0.647439224076677,4.7936646246191055,False,True,0.647439224076677,4.80114440431129,False,True
42,TFIM,0.8,56,0.6210983587139752,4.3327437534230775,False,True,0.6210983587139752,4.328333645303857,False,True
42,TFIM,0.8,57,0.40471923276734584,2.1653365528751434,False,True,0.40471923276734584,2.1773038916374943,False,True
42,TFIM,0.8,58,0.5745290781769952,1.8511263980410129,False,True,0.5745290781769952,1.847326700431334,False,True
42,TFIM,0.8,59,0.45380549222144617,20.0,True,False,0.45380549222144617,20.0,True,False
42,TFIM,0.8,60,0.8735645191299398,2.290994087750277,False,True,0.8735645191299398,2.2895287415607717,False,True
42,TFIM,0.8,61,0.5759878105150603,4.9466782813493975,False,True,0.5759878105150603,4.945968371821704,False,True
42,TFIM,0.8,62,0.6824435877500716,20.0,True,False,0.6824435877500716,20.0,True,False
42,TFIM,0.8,63,0.8231874591865274,2.4089765437788775,False,True,0.8231874591865274,2.416796791192245,False,True
42,TFIM,0.8,64,0.52244142543026,3.213233106289758,False,True,0.52244142543026,3.20742466187399,False,True
42,TFIM,0.8,65,0.9378688469180464,1.2775298942603224,False,True,0.9378688469180464,1.2696567455598544,False,True
42,TFIM,0.8,66,0.28519934794888624,2.9094233621829804,False,True,0.28519934794888624,2.9139102123028904,False,True
42,TFIM,0.8,67,0.5110037577802955,2.8690488546306896,False,True,0.5110037577802955,2.853421659068859,False,True
42,TFIM,0.8,68,0.7111021400446477,20.0,True,False,0.7111021400446477,20.0,True,False
42,TFIM,0.8,69,0.7177784647341784,1.7871386371114764,False,True,0.7177784647341784,1.7890105605765696,False,True
42,TFIM,0.8,70,0.7535251097990945,2.491730090135662,False,True,0.7535251097990945,2.489365491169893,False,True
42,TFIM,0.8,71,0.17453136569612018,20.0,True,False,0.17453136569612018,20.0,True,False
42,TFIM,0.8,72,0.42452258640793866,2.0290198801401313,False,True,0.42452258640793866,2.0240058943959593,False,True
42,TFIM,0.8,73,0.6659662674062105,20.0,True,False,0.6659662674062105,20.0,True,False
42,TFIM,0.8,74,0.43991473756099947,20.0,True,False,0.43991473756099947,20.0,True,False
42,TFIM,0.8,75,0.6280393839304597,20.0,True,False,0.6280393839304597,20.0,True,False
42,TFIM,0.8,76,0.9101961900374012,20.0,True,False,0.9101961900374012,20.0,True,False
42,TFIM,0.8,77,0.87486191094269,3.553017967298754,False,True,0.87486191094269,3.5450841219347846,False,True
42,TFIM,0.8,78,0.8785856581645649,1.7808011036067226,False,True,0.8785856581645649,1.7799474780328268,False,True
42,TFIM,0.8,79,0.3813873058288228,3.7852390378336622,False,True,0.3813873058288228,3.781822360073955,False,True
42,TFIM,0.8,80,0.9409294146669451,8.895114909146205,False,True,0.9409294146669451,7.560607083234452,False,True
42,TFIM,0.8,81,0.6105081168616961,3.341704252422539,False,True,0.6105081168616961,3.343742155418098,False,True
42,TFIM,0.8,82,0.5910476655383938,4.199659379259042,False,True,0.5910476655383938,4.200759915317234,False,True
42,TFIM,0.8,83,0.6479670577019089,2.1293317527744664,False,True,0.6479670577019089,2.1310464519142336,False,True
42,TFIM,0.8,84,0.27115548076208373,3.1805103488400683,False,True,0.27115548076208373,3.1679582881779114,False,True
42,TFIM,0.8,85,0.706525814857019,4.089479953489143,False,True,0.706525814857019,4.07995042145044,False,True
42,TFIM,0.8,86,0.5088828762318455,3.901565878528634,False,True,0.5088828762318455,3.897004147291784,False,True
42,TFIM,0.8,87,0.5222338646909185,1.8484410030520244,False,True,0.5222338646909185,1.859749160143842,False,True
42,TFIM,0.8,88,0.06121119659663058,6.9050341459380284,False,True,0.06121119659663058,6.896846478959364,False,True
42,TFIM,0.8,89,0.45110431454787364,20.0,True,False,0.45110431454787364,20.0,True,False
42,TFIM,0.8,90,0.5800197729740617,1.9339457016225436,False,True,0.5800197729740617,1.9330316296062036,False,True
42,TFIM,0.8,91,0.9966758597558284,5.754137373503237,False,True,0.9966758597558284,20.0,True,False
42,TFIM,0.8,92,0.5970584622844299,1.8013902439389795,False,True,0.5970584622844299,1.7992179672332054,False,True
42,TFIM,0.8,93,0.6309038466021318,1.7791858719760185,False,True,0.6309038466021318,1.7816858893506116,False,True
42,TFIM,0.8,94,0.8941917606837314,5.600745500552603,False,True,0.8941917606837314,5.597132311597495,False,True
42,TFIM,0.8,95,0.7856895546551174,1.0059011689321162,False,True,0.7856895546551174,1.0015547305657164,False,True
42,TFIM,0.8,96,0.7124343881810568,20.0,True,False,0.7124343881810568,20.0,True,False
42,TFIM,0.8,97,0.46893959313967315,4.214968876120771,False,True,0.46893959313967315,4.212613248221528,False,True
42,TFIM,0.8,98,0.7273532225511312,6.687202792694451,False,True,0.7273532225511312,6.683288695798612,False,True
42,TFIM,0.8,99,0.5350697383366293,20.0,True,False,0.5350697383366293,20.0,True,False
42,TFIM,1.5,0,0.9178465386616496,0.9104351402006373,False,True,0.9178465386616496,0.9062973460669809,False,True
42,TFIM,1.5,1,0.08008174865276428,1.6614514798119517,False,True,0.08008174865276428,1.660513191681387,False,True
42,TFIM,1.5,2,0.9287313235067853,2.5867517910023774,False,True,0.9287313235067853,2.584830103020039,False,True
42,TFIM,1.5,3,0.7423906770675132,1.0121627695106836,False,True,0.7423906770675132,1.0137998809260336,False,True
42,TFIM,1.5,4,0.8397557575298188,0.6897034593876655,False,True,0.8397557575298188,0.6895197118701676,False,True
42,TFIM,1.5,5,0.8264448381990536,20.0,True,False,0.8264448381990536,20.0,True,False
42,TFIM,1.5,6,0.200056291125014,0.7987452751056507,False,True,0.200056291125014,0.7922760182924546,False,True
42,TFIM,1.5,7,0.6570207484853439,2.833962557748722,False,True,0.6570207484853439,2.8336031854507713,False,True
42,TFIM,1.5,8,0.7823681368226002,3.493565228036475,False,True,0.7823681368226002,3.4923380184961026,False,True
42,TFIM,1.5,9,0.3183648547018675,20.0,True,False,0.3183648547018675,20.0,True,False
42,TFIM,1.5,10,0.6587354058663779,4.354423842208914,False,True,0.6587354058663779,4.341321242561839,False,True
42,TFIM,1.5,11,0.8343367020525607,1.8317472479127355,False,True,0.8343367020525607,1.8271759420611073,False,True
42,TFIM,1.5,12,0.9711665327047526,1.2935328262265187,False,True,0.9711665327047526,1.272326338067823,False,True
42,TFIM,1.5,13,0.7823834097583077,1.0929711877503194,False,True,0.7823834097583077,1.0918874487888095,False,True
42,TFIM,1.5,14,0.4449158784553941,0.9822143986308254,False,True,0.4449158784553941,0.9806815208111329,False,True
42,TFIM,1.5,15,0.7056945532324359,20.0,True,False,0.7056945532324359,20.0,True,False
42,TFIM,1.5,16,0.5695225601639383,2.7211329925799936,False,True,0.5695225601639383,2.7148223583295916,False,True
42,TFIM,1.5,17,0.697232774046311,1.5702756862520002,False,True,0.697232774046311,1.568539046306209,False,True
42,TFIM,1.5,18,0.947699272776218,0.5781477477685093,False,True,0.947699272776218,0.578860415727902,False,True
42,TFIM,1.5,19,0.8077729022137534,2.686574969101504,False,True,0.8077729022137534,2.6797709560236624,False,True
42,TFIM,1.5,20,0.7053834187460843,5.462694515507888,False,True,0.7053834187460843,5.455306304607357,False,True
42,TFIM,1.5,21,0.8086498352482655,0.5424342166090563,False,True,0.8086498352482655,0.5413473557169735,False,True
42,TFIM,1.5,22,0.4886202191088923,1.551163941492706,False,True,0.4886202191088923,1.548669183085301,False,True
42,TFIM,1.5,23,0.8164396187447325,0.686172193634591,False,True,0.8164396187447325,0.6845547897569206,False,True
42,TFIM,1.5,24,0.6715091648159943,3.8213271475659183,False,True,0.6715091648159943,3.8176350758429414,False,True
42,TFIM,1.5,25,0.9003490647987166,3.3712477281489783,False,True,0.9003490647987166,3.3682010357041516,False,True
42,TFIM,1.5,26,0.41000650714368014,2.327306169460166,False,True,0.41000650714368014,2.3245134295212266,False,True
42,TFIM,1.5,27,0.4457315002828546,0.9263491567984414,False,True,0.4457315002828546,0.9215374651917663,False,True
42,TFIM,1.5,28,0.8609196133306177,2.514661101415373,False,True,0.8609196133306177,2.5045441738219503,False,True
42,TFIM,1.5,29,0.8950502631540928,20.0,True,False,0.8950502631540928,20.0,True,False
42,TFIM,1.5,30,0.7571938167860949,1.5832928978592624,False,True,0.7571938167860949,1.5705378806877537,False,True
42,TFIM,1.5,31,0.3530230322964946,0.7741822057401424,False,True,0.3530230322964946,0.7737692160127952,False,True
42,TFIM,1.5,32,0.9105311721709246,3.575617406587225,False,True,0.9105311721709246,3.573792981538798,False,True
42,TFIM,1.5,33,0.6073315931455713,1.5695581188603063,False,True,0.6073315931455713,1.5679548185846013,False,True
42,TFIM,1.5,34,0.2505011533633707,20.0,True,False,0.2505011533633707,20.0,True,False
42,TFIM,1.5,35,0.7213917712296684,0.8276953004121271,False,True,0.7213917712296684,0.82113388686751,False,True
42,TFIM,1.5,36,0.7041399286262587,0.9564584156766346,False,True,0.7041399286262587,0.9451948011823244,False,True
42,TFIM,1.5,37,0.1803648208297399,2.455187398080119,False,True,0.1803648208297399,2.4527308214422807,False,True
42,TFIM,1.5,38,0.06996349923320135,0.6924273059228669,False,True,0.06996349923320135,0.6913622735046165,False,True
42,TFIM,1.5,39,0.4031640159315382,1.7491141983944423,False,True,0.4031640159315382,1.7508697243838354,False,True
42,TFIM,1.5,40,0.9602651272981655,0.9972032974875171,False,True,0.9602651272981655,0.9895713737371314,False,True
42,TFIM,1.5,41,0.6656604390752495,1.3307894067321608,False,True,0.6656604390752495,1.3403350868450985,False,True
42,TFIM,1.5,42,0.3891390786537511,1.1566945733241216,False,True,0.3891390786537511,1.160187790269519,False,True
42,TFIM,1.5,43,0.381383427972645,3.1146724237555534,False,True,0.381383427972645,3.114662791332922,False,True
42,TFIM,1.5,44,0.4107186603067661,2.394509075837865,False,True,0.4107186603067661,2.3850858276139966,False,True
42,TFIM,1.5,45,0.5506663544088317,1.4701260706062649,False,True,0.5506663544088317,1.468192286589012,False,True
42,TFIM,1.5,46,0.665899073828434,6.244556719748214,False,True,0.665899073828434,6.238611519486321,False,True
42,TFIM,1.5,47,0.39350622152954867,1.094934352658267,False,True,0.39350622152954867,1.0857863497258937,False,True
42,TFIM,1.5,48,0.2936794211691359,0.7987858774108085,False,True,0.2936794211691359,0.7980622919210636,False,True
42,TFIM,1.5,49,0.6843066248461637,2.012540473429768,False,True,0.6843066248461637,2.0111118936619277,False,True
42,TFIM,1.5,50,0.6334278172354905,3.297049613807304,False,True,0.6334278172354905,3.286315652627439,False,True
42,TFIM,1.5,51,0.7089689932045962,20.0,True,False,0.7089689932045962,20.0,True,False
42,TFIM,1.5,52,0.8012848943143039,0.7900247140270168,False,True,0.8012848943143039,0.7874886540384219,False,True
42,TFIM,1.5,53,0.6915624154371399,20.0,True,False,0.6915624154371399,20.0,True,False
42,TFIM,1.5,54,0.8873658472376368,2.7435511765002154,False,True,0.8873658472376368,1.5949271429360268,False,True
42,TFIM,1.5,55,0.647439224076677,2.828568929840038,False,True,0.647439224076677,2.8261276147614214,False,True
42,TFIM,1.5,56,0.6210983587139752,2.4206510654938005,False,True,0.6210983587139752,2.409734373443402,False,True
42,TFIM,1.5,57,0.40471923276734584,1.779684396599693,False,True,0.40471923276734584,1.7772339045563823,False,True
42,TFIM,1.5,58,0.5745290781769952,5.359706229862794,False,True,0.5745290781769952,5.356593790992772,False,True
42,TFIM,1.5,59,0.45380549222144617,20.0,True,False,0.45380549222144617,20.0,True,False
42,TFIM,1.5,60,0.8735645191299398,20.0,True,False,0.8735645191299398,20.0,True,False
42,TFIM,1.5,61,0.5759878105150603,3.05057110445806,False,True,0.5759878105150603,3.0497493109386826,False,True
42,TFIM,1.5,62,0.6824435877500716,20.0,True,False,0.6824435877500716,20.0,True,False
42,TFIM,1.5,63,0.8231874591865274,0.9007041635406059,False,True,0.8231874591865274,0.8965216965418237,False,True
42,TFIM,1.5,64,0.52244142543026,1.5349684869435425,False,True,0.52244142543026,1.5327102974555487,False,True
42,TFIM,1.5,65,0.9378688469180464,0.8214089445952701,False,True,0.9378688469180464,0.8168929769763742,False,True
42,TFIM,1.5,66,0.28519934794888624,1.4577698533265921,False,True,0.28519934794888624,1.452929113985667,False,True
42,TFIM,1.5,67,0.5110037577802955,1.5252037846363178,False,True,0.5110037577802955,1.5206339292877729,False,True
42,TFIM,1.5,68,0.7111021400446477,20.0,True,False,0.7111021400446477,20.0,True,False
42,TFIM,1.5,69,0.7177784647341784,1.5817803656889766,False,True,0.7177784647341784,1.57601771407068,False,True
42,TFIM,1.5,70,0.7535251097990945,2.1419036531036646,False,True,0.7535251097990945,2.14597121951913,False,True
42,TFIM,1.5,71,0.17453136569612018,20.0,True,False,0.17453136569612018,20.0,True,False
42,TFIM,1.5,72,0.42452258640793866,1.862567453227748,False,True,0.42452258640793866,1.8627829295145382,False,True
42,TFIM,1.5,73,0.6659662674062105,3.7160201057059483,False,True,0.6659662674062105,3.7574949441218197,False,True
42,TFIM,1.5,74,0.43991473756099947,20.0,True,False,0.43991473756099947,20.0,True,False
42,TFIM,1.5,75,0.6280393839304597,20.0,True,False,0.6280393839304597,20.0,True,False
42,TFIM,1.5,76,0.9101961900374012,20.0,True,False,0.9101961900374012,20.0,True,False
42,TFIM,1.5,77,0.87486191094269,20.0,True,False,0.87486191094269,20.0,True,False
42,TFIM,1.5,78,0.8785856581645649,2.8973154014036644,False,True,0.8785856581645649,2.898222833764623,False,True
42,TFIM,1.5,79,0.3813873058288228,2.2462244812207013,False,True,0.3813873058288228,2.235948030971314,False,True
42,TFIM,1.5,80,0.9409294146669451,6.464407895645994,False,True,0.9409294146669451,6.4579858403757076,False,True
42,TFIM,1.5,81,0.6105081168616961,1.5998133886598487,False,True,0.6105081168616961,1.5982737346582734,False,True
42,TFIM,1.5,82,0.5910476655383938,2.5182835100245566,False,True,0.5910476655383938,2.5109557176051425,False,True
42,TFIM,1.5,83,0.6479670577019089,0.7648313787871961,False,True,0.6479670577019089,0.7598719019004214,False,True
42,TFIM,1.5,84,0.27115548076208373,2.295024971504128,False,True,0.27115548076208373,2.3035134107327226,False,True
42,TFIM,1.5,85,0.706525814857019,2.19361250918048,False,True,0.706525814857019,2.190105000907674,False,True
42,TFIM,1.5,86,0.5088828762318455,2.184326995222052,False,True,0.5088828762318455,2.1809293061285744,False,True
42,TFIM,1.5,87,0.5222338646909185,20.0,True,False,0.5222338646909185,20.0,True,False
42,TFIM,1.5,88,0.06121119659663058,20.0,True,False,0.06121119659663058,20.0,True,False
42,TFIM,1.5,89,0.45110431454787364,1.1617389903198647,False,True,0.45110431454787364,1.1586252592952626,False,True
42,TFIM,1.5,90,0.5800197729740617,2.949325833897743,False,True,0.5800197729740617,2.9477277766873646,False,True
42,TFIM,1.5,91,0.9966758597558284,2.687453753156947,False,True,0.9966758597558284,2.6884017963565223,False,True
42,TFIM,1.5,92,0.5970584622844299,3.029771850189222,False,True,0.5970584622844299,3.026946259816442,False,True
42,TFIM,1.5,93,0.6309038466021318,1.563854828733815,False,True,0.6309038466021318,1.5593232768488499,False,True
42,TFIM,1.5,94,0.8941917606837314,1.099063229758904,False,True,0.8941917606837314,1.0988232793151447,False,True
42,TFIM,1.5,95,0.7856895546551174,0.6114292422594909,False,True,0.7856895546551174,0.6115012386689638,False,True
42,TFIM,1.5,96,0.7124343881810568,20.0,True,False,0.7124343881810568,20.0,True,False
42,TFIM,1.5,97,0.46893959313967315,0.8806559151272544,False,True,0.46893959313967315,0.8765670733276327,False,True
42,TFIM,1.5,98,0.7273532225511312,1.8921034678894193,False,True,0.7273532225511312,1.8906805597605263,False,True
42,TFIM,1.5,99,0.5350697383366293,20.0,True,False,0.5350697383366293,20.0,True,False
