seed,scenario,n_traj,features,r2,mae,auroc,n_samples,n_train_windows,n_censored
42,D,4000,base,0.5296847851181152,1.560730573802568,0.6966544267645858,343,5431,1853
42,D,4000,corr,0.6428622640336101,1.381496745966644,0.779579763361893,343,5431,1853
42,D,4000,corr_conc,0.6723030631478037,1.1553484869575668,0.8107915136678906,343,5431,1853
42,D,2000,base,0.48326700255845445,1.6680136446173588,0.5610975112199102,343,2725,918
42,D,2000,corr,0.49994395010521253,1.5776169115984586,0.6462668298653611,343,2725,918
42,D,2000,corr_conc,0.5867423273305363,1.409712486996826,0.7037263701890384,343,2725,918
42,D,1000,base,0.5156522047115734,1.5845185683145906,0.6150890792873657,343,1391,457
42,D,1000,corr,0.49887631355122675,1.6211578912801825,0.6081191350469196,343,1391,457
42,D,1000,corr_conc,0.5929013145609664,1.4496813356170746,0.6649666802665577,343,1391,457
42,D,500,base,0.3889743041048561,1.9464993967715496,0.550251597987216,343,641,235
42,D,500,corr,0.49669365981159685,1.7343305799950486,0.501937984496124,343,641,235
42,D,500,corr_conc,0.5118244802989987,1.7327877090252257,0.6132530939752482,343,641,235
42,D,250,base,0.5033893350480189,1.7745492028826015,0.5230178158574731,343,348,107
42,D,250,corr,0.49433696143729955,1.8844086313903,0.5410376716986264,343,348,107
42,D,250,corr_conc,0.31103394910808846,2.038618791847669,0.5552835577315381,343,348,107
43,D,4000,base,0.4584770246444251,1.0484988257450336,0.6650270723709297,327,5731,1818
43,D,4000,corr,0.605240138525649,0.8593868916047614,0.8051933196064973,327,5731,1818
43,D,4000,corr_conc,0.6906013627275118,0.8118093087510807,0.8736368489285442,327,5731,1818
43,D,2000,base,0.4538030161302765,1.1348997955567277,0.6181270494928697,327,2848,927
43,D,2000,corr,0.538612847718607,0.9862224146832761,0.7731640356897735,327,2848,927
43,D,2000,corr_conc,0.45469989519185894,1.0454013836517617,0.8173568214748721,327,2848,927
43,D,1000,base,0.4410227114911114,1.1736304053689757,0.5014489437962327,327,1439,467
43,D,1000,corr,0.5024603219067411,1.127949520188608,0.6216731487836498,327,1439,467
43,D,1000,corr_conc,0.6331489523855984,0.8579397456887068,0.7116220544497827,327,1439,467
43,D,500,base,0.46083746820114324,1.1113061063487353,0.5158621215587584,327,696,234
43,D,500,corr,0.3135821891040811,1.2285068039468023,0.5483870967741935,327,696,234
43,D,500,corr_conc,0.5225232213287615,1.027144528859661,0.6606039807824297,327,696,234
43,D,250,base,0.3913013854857582,1.2450353005386636,0.468847708380996,327,301,123
43,D,250,corr,0.42347455569223724,1.1344053879251899,0.5171204148554869,327,301,123
43,D,250,corr_conc,0.42083173057239753,1.1456941349516698,0.5094181346755128,327,301,123
44,D,4000,base,0.6258327611282247,1.4420008759254699,0.7603499786598379,340,5743,1818
44,D,4000,corr,0.6398699507508403,1.3264504125341319,0.7986555697823303,340,5743,1818
44,D,4000,corr_conc,0.6979756358810671,1.1860437547225555,0.8790012804097311,340,5743,1818
44,D,2000,base,0.5223912826866006,1.6296034681930651,0.725138711054204,340,2831,903
44,D,2000,corr,0.5807548528924837,1.509626104590139,0.7359866268316972,340,2831,903
44,D,2000,corr_conc,0.601921083287027,1.4418966642298243,0.782294778773652,340,2831,903
44,D,1000,base,0.5132180956561749,1.7147028914061266,0.6366481718594394,340,1449,435
44,D,1000,corr,0.5025627171764018,1.8316965551454694,0.6142765685019206,340,1449,435
44,D,1000,corr_conc,0.597600837000991,1.5458182545015307,0.6949423815620999,340,1449,435
44,D,500,base,0.4149181351715897,1.9282453224707985,0.4979371176554275,340,702,232
44,D,500,corr,0.40552666525190895,1.7829619735491091,0.6142054346279698,340,702,232
44,D,500,corr_conc,0.5566531114383686,1.5470145226022536,0.6923459951628965,340,702,232
44,D,250,base,0.44647836962738363,1.8688661703790825,0.4723289230331484,340,346,124
44,D,250,corr,0.43001094820707275,1.8621364956968267,0.5054417413572343,340,346,124
44,D,250,corr_conc,0.5066140202909236,1.7403120628754725,0.6182244985061887,340,346,124
42,E,4000,base,0.7097638990547501,0.7752589681674996,0.8607974637239362,573,9034,824
42,E,4000,corr,0.8041060914636473,0.6352814301263819,0.887879526886965,573,9034,824
42,E,4000,corr_conc,0.8064597218132313,0.6237844544842194,0.9243506889403731,573,9034,824
42,E,2000,base,0.7160822218959916,0.7955816828686938,0.8652969150103648,573,4590,409
42,E,2000,corr,0.753579565608364,0.7084024171830094,0.8783806852822825,573,4590,409
42,E,2000,corr_conc,0.7526921747146342,0.7030462467183576,0.8985733447140593,573,4590,409
42,E,1000,base,0.6840071568658583,0.8798363310569337,0.8142055846847944,573,2297,193
42,E,1000,corr,0.7060462128718914,0.7980073066406546,0.8534690891354713,573,2297,193
42,E,1000,corr_conc,0.7561467675063508,0.7272901142579064,0.863809291549811,573,2297,193
42,E,500,base,0.5657845654434147,1.0388621293332505,0.7405194488477016,573,1156,93
42,E,500,corr,0.6580013068939936,0.8998235407474556,0.8281551030362151,573,1156,93
42,E,500,corr_conc,0.6606331541709909,0.8829692663203532,0.8303743445921229,573,1156,93
42,E,250,base,0.5660088455125947,1.0407584566225836,0.6896963784904281,573,569,41
42,E,250,corr,0.5164167496646118,1.0866270248402734,0.6113644677478356,573,569,41
42,E,250,corr_conc,0.5383557376391268,1.0787724063723918,0.6357273503231313,573,569,41
43,E,4000,base,0.67069401351981,0.7030660866175185,0.8751028988994567,562,9418,779
43,E,4000,corr,0.80551976166759,0.5245438420988918,0.9280277605400133,562,9418,779
43,E,4000,corr_conc,0.8089980892336994,0.5107296332757641,0.9368675675333393,562,9418,779
43,E,2000,base,0.6423189567679666,0.7653379519295215,0.8310051797722926,562,4685,402
43,E,2000,corr,0.7168984762088358,0.6234454619948406,0.8986714960550146,562,4685,402
43,E,2000,corr_conc,0.7454410750574685,0.6243401363871038,0.9135902534162434,562,4685,402
43,E,1000,base,0.6559269109273527,0.7502197586945945,0.8299920213776422,562,2418,205
43,E,1000,corr,0.6919447537502199,0.6630046953380684,0.8738871088258762,562,2418,205
43,E,1000,corr_conc,0.7194545932579223,0.6361067681905103,0.8782310254429402,562,2418,205
43,E,500,base,0.5376972432102936,0.8779208141742421,0.7187345651650815,562,1221,95
43,E,500,corr,0.6555785831407328,0.7249902870145711,0.8391990982890288,562,1221,95
43,E,500,corr_conc,0.7152500379200263,0.6796166669146938,0.8513316700649687,562,1221,95
43,E,250,base,0.5132442221481519,0.9402149108344837,0.7025746887704056,562,601,54
43,E,250,corr,0.5201434572226598,0.9207951630237646,0.7045883410797735,562,601,54
43,E,250,corr_conc,0.42108418906598366,0.962498276403942,0.680855105685085,562,601,54
44,E,4000,base,0.7232618837214486,0.5665220484777216,0.8762295081967214,544,9277,837
44,E,4000,corr,0.8223223749857796,0.4338606893044627,0.9537158469945355,544,9277,837
44,E,4000,corr_conc,0.8198206051960759,0.45125092293911223,0.931571038251366,544,9277,837
44,E,2000,base,0.7230214012414585,0.6616757754181715,0.8515437158469945,544,4518,416
44,E,2000,corr,0.7379677543109917,0.5580752450811818,0.8960792349726776,544,4518,416
44,E,2000,corr_conc,0.782595041876953,0.5164186151443224,0.9112704918032787,544,4518,416
44,E,1000,base,0.6845893873424977,0.6864562666273442,0.8214890710382514,544,2340,213
44,E,1000,corr,0.7680732244955688,0.5330589256187701,0.8671448087431693,544,2340,213
44,E,1000,corr_conc,0.6980937221143104,0.6853974461573756,0.8407103825136613,544,2340,213
44,E,500,base,0.5725150182253578,0.8637336177590129,0.6616256830601093,544,1182,106
44,E,500,corr,0.7376915015588408,0.6258853886233167,0.8555737704918033,544,1182,106
44,E,500,corr_conc,0.7072621978297516,0.662363092739427,0.839344262295082,544,1182,106
44,E,250,base,0.5584326147009853,0.8624146553878047,0.6617349726775956,544,594,54
44,E,250,corr,0.545087606338453,0.8515899006167762,0.6900000000000001,544,594,54
44,E,250,corr_conc,0.5697315663671036,0.9025889382745572,0.6985792349726776,544,594,54
