seed,scenario,task,features,model,t_obs,base_rate,n_windows,auroc,brier,bal_acc
42,D,occurrence,base,gbt,2.0,0.4608695652173913,345,0.8750929870832488,0.14504291034599368,0.7760701967944816
42,D,occurrence,base,gbt,2.5,0.42592592592592593,324,0.857877512856475,0.15401903889279966,0.7679990649836372
42,D,occurrence,base,gbt,3.0,0.3961038961038961,308,0.8441300898995241,0.15407675110608257,0.7632205182443152
42,D,occurrence,base,gbt,3.5,0.356401384083045,289,0.835212443887671,0.14867475100235972,0.7498956049692034
42,D,occurrence,base,gbt,4.0,0.30855018587360594,269,0.801852571576629,0.1536012692436965,0.7120417152480891
42,D,occurrence,base,logreg,2.0,0.4608695652173913,345,0.8407046730236017,0.16294144752325104,0.754108338405356
42,D,occurrence,base,logreg,2.5,0.42592592592592593,324,0.8062178588125293,0.1783940597873021,0.7107293127629734
42,D,occurrence,base,logreg,3.0,0.3961038961038961,308,0.8013837475762383,0.17321922851804183,0.7147012162876785
42,D,occurrence,base,logreg,3.5,0.356401384083045,289,0.8045725023488883,0.1623329841904748,0.7153147510178515
42,D,occurrence,base,logreg,4.0,0.30855018587360594,269,0.8210908148723928,0.15255768185373728,0.667929783650732
42,D,permanence,base,gbt,2.0,0.10062893081761007,159,0.7727272727272727,0.07441646570728996,0.586756993006993
42,D,permanence,base,gbt,2.5,0.09420289855072464,138,0.7458461538461538,0.08087508116298736,0.5264615384615384
42,D,permanence,base,gbt,3.0,0.09836065573770492,122,0.7287878787878788,0.09142055118976972,0.5696969696969697
42,D,permanence,base,gbt,3.5,0.10679611650485436,103,0.6610671936758893,0.0968687050954836,0.5746047430830039
42,D,permanence,base,gbt,4.0,0.13253012048192772,83,0.6994949494949495,0.12494172916425086,0.577020202020202
42,D,permanence,base,logreg,2.0,0.10062893081761007,159,0.5375874125874125,0.10333168939558955,0.5762674825174825
42,D,permanence,base,logreg,2.5,0.09420289855072464,138,0.4307692307692308,0.10975627766889025,0.5144615384615384
42,D,permanence,base,logreg,3.0,0.09836065573770492,122,0.45757575757575764,0.1053169743637149,0.5280303030303031
42,D,permanence,base,logreg,3.5,0.10679611650485436,103,0.43675889328063244,0.10967527880562321,0.4945652173913043
42,D,permanence,base,logreg,4.0,0.13253012048192772,83,0.48484848484848486,0.12007434861821421,0.5
42,D,occurrence,corr,gbt,2.0,0.4608695652173913,345,0.9499898559545547,0.0877657240614967,0.8689896530736458
42,D,occurrence,corr,gbt,2.5,0.42592592592592593,324,0.9372759856630823,0.10010395688683738,0.8484104721832633
42,D,occurrence,corr,gbt,3.0,0.3961038961038961,308,0.9348669134496739,0.10058541014635608,0.8367265996827076
42,D,occurrence,corr,gbt,3.5,0.356401384083045,289,0.922016911994989,0.10043932994718205,0.8415283432508612
42,D,occurrence,corr,gbt,4.0,0.30855018587360594,269,0.9144966964632725,0.10113742494131998,0.8138036015027854
42,D,occurrence,corr,logreg,2.0,0.4608695652173913,345,0.8637992831541218,0.15641953793251462,0.7640495029417732
42,D,occurrence,corr,logreg,2.5,0.42592592592592593,324,0.8392551036309801,0.1648693911118819,0.7522206638616176
42,D,occurrence,corr,logreg,3.0,0.3961038961038961,308,0.8324519654503789,0.16083387078492248,0.7216199541688701
42,D,occurrence,corr,logreg,3.5,0.356401384083045,289,0.8319240004175803,0.15138987406335938,0.7251017851550265
42,D,occurrence,corr,logreg,4.0,0.30855018587360594,269,0.8445394481150408,0.14046415643373625,0.7047221142635056
42,D,permanence,corr,gbt,2.0,0.10062893081761007,159,0.8020104895104895,0.08693407079264971,0.6457604895104896
42,D,permanence,corr,gbt,2.5,0.09420289855072464,138,0.7772307692307692,0.09535676434202454,0.5609230769230769
42,D,permanence,corr,gbt,3.0,0.09836065573770492,122,0.7643939393939394,0.09189380534390085,0.6068181818181818
42,D,permanence,corr,gbt,3.5,0.10679611650485436,103,0.7549407114624506,0.10173617572686057,0.5746047430830039
42,D,permanence,corr,gbt,4.0,0.13253012048192772,83,0.7777777777777777,0.12357705587012814,0.577020202020202
42,D,permanence,corr,logreg,2.0,0.10062893081761007,159,0.7041083916083916,0.11107873912345143,0.5622814685314685
42,D,permanence,corr,logreg,2.5,0.09420289855072464,138,0.6547692307692308,0.11125607310150691,0.5064615384615385
42,D,permanence,corr,logreg,3.0,0.09836065573770492,122,0.6598484848484849,0.10341681355844873,0.5143939393939394
42,D,permanence,corr,logreg,3.5,0.10679611650485436,103,0.6620553359683794,0.1066393819338867,0.4945652173913043
42,D,permanence,corr,logreg,4.0,0.13253012048192772,83,0.720959595959596,0.11349312946298752,0.4930555555555556
42,D,occurrence,corr_conc,gbt,2.0,0.4608695652173913,345,0.9683167647257725,0.06733969019164422,0.908906471900994
42,D,occurrence,corr_conc,gbt,2.5,0.42592592592592593,324,0.9610409848839022,0.07052841232835164,0.8979663394109397
42,D,occurrence,corr_conc,gbt,3.0,0.3961038961038961,308,0.9612638815441564,0.068905887627261,0.8898730830248546
42,D,occurrence,corr_conc,gbt,3.5,0.356401384083045,289,0.9565194696732435,0.07367343543941522,0.8873838605282388
42,D,occurrence,corr_conc,gbt,4.0,0.30855018587360594,269,0.9505117243166213,0.07508116111043148,0.8653322969296541
42,D,occurrence,corr_conc,logreg,2.0,0.4608695652173913,345,0.9282139717319267,0.10486245427900448,0.8572732805842971
42,D,occurrence,corr_conc,logreg,2.5,0.42592592592592593,324,0.9080956833411252,0.11691590691207748,0.831229546517064
42,D,occurrence,corr_conc,logreg,3.0,0.3961038961038961,308,0.9113343909747929,0.11264658833148912,0.8163670015864621
42,D,occurrence,corr_conc,logreg,3.5,0.356401384083045,289,0.9148136548700282,0.10459916200486567,0.8183787451717298
42,D,occurrence,corr_conc,logreg,4.0,0.30855018587360594,269,0.9016064257028111,0.10365931423687777,0.8150991061018267
42,D,permanence,corr_conc,gbt,2.0,0.10062893081761007,159,0.8229895104895104,0.08494356014007187,0.6457604895104896
42,D,permanence,corr_conc,gbt,2.5,0.09420289855072464,138,0.7926153846153846,0.0904323778127047,0.5993846153846154
42,D,permanence,corr_conc,gbt,3.0,0.09836065573770492,122,0.7924242424242425,0.07765984905974413,0.615909090909091
42,D,permanence,corr_conc,gbt,3.5,0.10679611650485436,103,0.7737154150197629,0.0980759007218324,0.6146245059288538
42,D,permanence,corr_conc,gbt,4.0,0.13253012048192772,83,0.8106060606060607,0.11562447470797983,0.6085858585858586
42,D,permanence,corr_conc,logreg,2.0,0.10062893081761007,159,0.7237762237762237,0.10580496438892344,0.5657779720279721
42,D,permanence,corr_conc,logreg,2.5,0.09420289855072464,138,0.6843076923076923,0.10874084582065967,0.5104615384615384
42,D,permanence,corr_conc,logreg,3.0,0.09836065573770492,122,0.693939393939394,0.1029218953818991,0.5098484848484849
42,D,permanence,corr_conc,logreg,3.5,0.10679611650485436,103,0.6946640316205533,0.11066550954889716,0.4782608695652174
42,D,permanence,corr_conc,logreg,4.0,0.13253012048192772,83,0.7714646464646464,0.10880927657401145,0.5315656565656566
43,D,occurrence,base,gbt,2.0,0.4579710144927536,345,0.8489474040479252,0.1604373860277162,0.7481892641981994
43,D,occurrence,base,gbt,2.5,0.415625,320,0.8421454706284428,0.15827492192511508,0.750030155602911
43,D,occurrence,base,gbt,3.0,0.3787375415282392,301,0.822778872314476,0.16302466660900178,0.7272258185570879
43,D,occurrence,base,gbt,3.5,0.35517241379310344,290,0.8068636104044442,0.16685656127345028,0.7166813768755516
43,D,occurrence,base,gbt,4.0,0.3249097472924188,277,0.8035056446821153,0.16061380687132018,0.6763517528223411
43,D,occurrence,base,logreg,2.0,0.4579710144927536,345,0.8281662492384757,0.16751320604303044,0.7581736952548568
43,D,occurrence,base,logreg,2.5,0.415625,320,0.8058783321941217,0.17789849419955867,0.735736399823087
43,D,occurrence,base,logreg,3.0,0.3787375415282392,301,0.7832817337461301,0.1788713900701623,0.7048738155549301
43,D,occurrence,base,logreg,3.5,0.35517241379310344,290,0.7798141321842064,0.17507566860180454,0.6810134468615336
43,D,occurrence,base,logreg,4.0,0.3249097472924188,277,0.7750445632798574,0.1745900390853263,0.6368389780154486
43,D,permanence,base,gbt,2.0,0.10126582278481013,158,0.8789612676056339,0.053186577245238086,0.6875
43,D,permanence,base,gbt,2.5,0.10526315789473684,133,0.8715486194477791,0.06360358309293936,0.6071428571428571
43,D,permanence,base,gbt,3.0,0.08771929824561403,114,0.8134615384615386,0.07366079651159234,0.5
43,D,permanence,base,gbt,3.5,0.07766990291262135,103,0.7697368421052633,0.07210222681436342,0.4842105263157895
43,D,permanence,base,gbt,4.0,0.06666666666666667,90,0.7182539682539683,0.08482779673751928,0.5535714285714286
43,D,permanence,base,logreg,2.0,0.10126582278481013,158,0.7425176056338029,0.08171778709905277,0.5242077464788732
43,D,permanence,base,logreg,2.5,0.10526315789473684,133,0.7406962785114045,0.08445277532317401,0.5
43,D,permanence,base,logreg,3.0,0.08771929824561403,114,0.7096153846153846,0.0774463854132132,0.5
43,D,permanence,base,logreg,3.5,0.07766990291262135,103,0.6842105263157895,0.07233830447399354,0.5
43,D,permanence,base,logreg,4.0,0.06666666666666667,90,0.617063492063492,0.069857874004849,0.5
43,D,occurrence,corr,gbt,2.0,0.4579710144927536,345,0.9555946659446287,0.08652909905335696,0.8742300142151223
43,D,occurrence,corr,gbt,2.5,0.415625,320,0.952153110047847,0.08704010836634331,0.8648224840175305
43,D,occurrence,corr,gbt,3.0,0.3787375415282392,301,0.94525752884886,0.09003388267375839,0.8380476592550896
43,D,occurrence,corr,gbt,3.5,0.35517241379310344,290,0.9198380146409844,0.1135992502944721,0.8023726701625046
43,D,occurrence,corr,gbt,4.0,0.3249097472924188,277,0.8941176470588236,0.11894127082373415,0.7899286987522282
43,D,occurrence,corr,logreg,2.0,0.4579710144927536,345,0.8843836729168078,0.13720943439368996,0.8005144520408853
43,D,occurrence,corr,logreg,2.5,0.415625,320,0.8689236460134293,0.14508789736032426,0.7887901572112099
43,D,occurrence,corr,logreg,3.0,0.3787375415282392,301,0.8476874003189794,0.14847257139605968,0.7769725114926354
43,D,occurrence,corr,logreg,3.5,0.35517241379310344,290,0.8351072114635792,0.14833827050010187,0.7414464461865946
43,D,occurrence,corr,logreg,4.0,0.3249097472924188,277,0.8260249554367202,0.15021338976432333,0.6952762923351159
43,D,permanence,corr,gbt,2.0,0.10126582278481013,158,0.8807218309859155,0.06661216645609461,0.7046654929577465
43,D,permanence,corr,gbt,2.5,0.10526315789473684,133,0.8607442977190876,0.07043508752147074,0.6659663865546218
43,D,permanence,corr,gbt,3.0,0.08771929824561403,114,0.8423076923076923,0.08033735878806517,0.5855769230769231
43,D,permanence,corr,gbt,3.5,0.07766990291262135,103,0.7907894736842105,0.08449153948992846,0.5467105263157894
43,D,permanence,corr,gbt,4.0,0.06666666666666667,90,0.7738095238095238,0.06502279286137755,0.4880952380952381
43,D,permanence,corr,logreg,2.0,0.10126582278481013,158,0.8441901408450704,0.07460083681647538,0.7011443661971831
43,D,permanence,corr,logreg,2.5,0.10526315789473684,133,0.804921968787515,0.08175672978440553,0.6029411764705882
43,D,permanence,corr,logreg,3.0,0.08771929824561403,114,0.7836538461538461,0.07407471238224522,0.5451923076923078
43,D,permanence,corr,logreg,3.5,0.07766990291262135,103,0.763157894736842,0.07328527230371792,0.5
43,D,permanence,corr,logreg,4.0,0.06666666666666667,90,0.7242063492063493,0.07152925128105989,0.5
43,D,occurrence,corr_conc,gbt,2.0,0.4579710144927536,345,0.9766465849861233,0.06094392483421995,0.9150984904894064
43,D,occurrence,corr_conc,gbt,2.5,0.415625,320,0.9770415343170761,0.059892043312879326,0.9141972578505086
43,D,occurrence,corr_conc,gbt,3.0,0.3787375415282392,301,0.9757481940144479,0.05594260242092062,0.9303640116333616
43,D,occurrence,corr_conc,gbt,3.5,0.35517241379310344,290,0.983022688333939,0.04963790636558776,0.9053008670370177
43,D,occurrence,corr_conc,gbt,4.0,0.3249097472924188,277,0.9789661319073083,0.051950161176051245,0.9030897207367796
43,D,occurrence,corr_conc,logreg,2.0,0.4579710144927536,345,0.929668990726325,0.10508628747651405,0.8620625465376024
43,D,occurrence,corr_conc,logreg,2.5,0.415625,320,0.9172128181416107,0.11199794084812116,0.854127296851755
43,D,occurrence,corr_conc,logreg,3.0,0.3787375415282392,301,0.920489726991275,0.10624131123872996,0.8363354911342527
43,D,occurrence,corr_conc,logreg,3.5,0.35517241379310344,290,0.9187996469549868,0.10797851423465317,0.8152484294688749
43,D,occurrence,corr_conc,logreg,4.0,0.3249097472924188,277,0.9079025549613784,0.10984888753012231,0.803921568627451
43,D,permanence,corr_conc,gbt,2.0,0.10126582278481013,158,0.9119718309859155,0.06815536521123443,0.7011443661971831
43,D,permanence,corr_conc,gbt,2.5,0.10526315789473684,133,0.8709483793517407,0.06605751009682981,0.6743697478991597
43,D,permanence,corr_conc,gbt,3.0,0.08771929824561403,114,0.8471153846153847,0.06693951596727309,0.6403846153846153
43,D,permanence,corr_conc,gbt,3.5,0.07766990291262135,103,0.7631578947368421,0.0766255118708129,0.5519736842105263
43,D,permanence,corr_conc,gbt,4.0,0.06666666666666667,90,0.7876984126984127,0.07139587848172088,0.5714285714285714
43,D,permanence,corr_conc,logreg,2.0,0.10126582278481013,158,0.8683978873239436,0.06984770932612282,0.6698943661971831
43,D,permanence,corr_conc,logreg,2.5,0.10526315789473684,133,0.8397358943577431,0.07876956758032247,0.5945378151260504
43,D,permanence,corr_conc,logreg,3.0,0.08771929824561403,114,0.825,0.06964818375275393,0.5451923076923078
43,D,permanence,corr_conc,logreg,3.5,0.07766990291262135,103,0.8394736842105264,0.07153636729758082,0.49473684210526314
43,D,permanence,corr_conc,logreg,4.0,0.06666666666666667,90,0.8253968253968254,0.06901224859607732,0.49404761904761907
44,D,occurrence,base,gbt,2.0,0.46846846846846846,333,0.893705635231059,0.13511276741079287,0.7774337244676228
44,D,occurrence,base,gbt,2.5,0.439873417721519,316,0.8930211762793155,0.13325551460601928,0.8034792504979067
44,D,occurrence,base,gbt,3.0,0.40202702702702703,296,0.8859611641266676,0.1353814212508478,0.7950671794141385
44,D,occurrence,base,gbt,3.5,0.3723404255319149,282,0.8941619585687381,0.12746240604194709,0.8022598870056497
44,D,occurrence,base,gbt,4.0,0.33707865168539325,267,0.8565599497802888,0.1461018052621452,0.7105461393596987
44,D,occurrence,base,logreg,2.0,0.46846846846846846,333,0.846660872084601,0.16119470437037858,0.759941329856584
44,D,occurrence,base,logreg,2.5,0.439873417721519,316,0.8633499979677274,0.15600526406606488,0.7600902328984269
44,D,occurrence,base,logreg,3.0,0.40202702702702703,296,0.8627450980392157,0.1511569064574388,0.7726107392109386
44,D,occurrence,base,logreg,3.5,0.3723404255319149,282,0.839870863599677,0.1581615918330203,0.7280064568200162
44,D,occurrence,base,logreg,4.0,0.33707865168539325,267,0.837413684871312,0.15956731724429368,0.6913370998116761
44,D,permanence,base,gbt,2.0,0.12179487179487179,156,0.9223972339608143,0.05877952879230257,0.7558586246638495
44,D,permanence,base,gbt,2.5,0.1223021582733813,139,0.907907425265188,0.0667257472146036,0.7483124397299903
44,D,permanence,base,gbt,3.0,0.11764705882352941,119,0.863265306122449,0.07040982690595594,0.6738095238095239
44,D,permanence,base,gbt,3.5,0.12380952380952381,105,0.8294314381270903,0.09206769637747793,0.6760033444816054
44,D,permanence,base,gbt,4.0,0.14444444444444443,90,0.8711288711288712,0.0960688887807558,0.6793206793206793
44,D,permanence,base,logreg,2.0,0.12179487179487179,156,0.7591240875912408,0.0947774524668669,0.6432961966961199
44,D,permanence,base,logreg,2.5,0.1223021582733813,139,0.7839922854387656,0.08768149642666646,0.6388621022179364
44,D,permanence,base,logreg,3.0,0.11764705882352941,119,0.7795918367346939,0.08630449986359442,0.6071428571428571
44,D,permanence,base,logreg,3.5,0.12380952380952381,105,0.7968227424749164,0.09164686792158018,0.5384615384615384
44,D,permanence,base,logreg,4.0,0.14444444444444443,90,0.8371628371628372,0.10233823852012443,0.5
44,D,occurrence,corr,gbt,2.0,0.46846846846846846,333,0.9762784296682602,0.06050247085022339,0.912755323772273
44,D,occurrence,corr,gbt,2.5,0.439873417721519,316,0.9657358858675771,0.07321775748279893,0.8985286347193432
44,D,occurrence,corr,gbt,3.0,0.40202702702702703,296,0.963110667996012,0.0726353585207955,0.8904714428144138
44,D,occurrence,corr,gbt,3.5,0.3723404255319149,282,0.9613128867366155,0.0734340289382172,0.8907990314769976
44,D,occurrence,corr,gbt,4.0,0.33707865168539325,267,0.9661644695543,0.06558487862900002,0.8969868173258004
44,D,occurrence,corr,logreg,2.0,0.46846846846846846,333,0.8936694190931479,0.1326909215161285,0.8210017383746198
44,D,occurrence,corr,logreg,2.5,0.439873417721519,316,0.9065561110433686,0.125473666851181,0.8232735845222128
44,D,occurrence,corr,logreg,3.0,0.40202702702702703,296,0.9078953615344442,0.11971247077643293,0.8174524046906899
44,D,occurrence,corr,logreg,3.5,0.3723404255319149,282,0.8936238902340597,0.12623055024558932,0.7736884584342212
44,D,occurrence,corr,logreg,4.0,0.33707865168539325,267,0.8891399874450722,0.12816662145788704,0.7384180790960452
44,D,permanence,corr,gbt,2.0,0.12179487179487179,156,0.9408374951978487,0.07103674489893355,0.7258932001536689
44,D,permanence,corr,gbt,2.5,0.1223021582733813,139,0.9320154291224686,0.0760831861190988,0.6976856316297011
44,D,permanence,corr,gbt,3.0,0.11764705882352941,119,0.8666666666666667,0.08137322397417492,0.6428571428571428
44,D,permanence,corr,gbt,3.5,0.12380952380952381,105,0.8695652173913043,0.08939261324904846,0.6868729096989966
44,D,permanence,corr,gbt,4.0,0.14444444444444443,90,0.8991008991008991,0.08478065244322841,0.6923076923076923
44,D,permanence,corr,logreg,2.0,0.12179487179487179,156,0.9147137917787169,0.07848772805024186,0.6776796004610065
44,D,permanence,corr,logreg,2.5,0.1223021582733813,139,0.916586306653809,0.07581230201559457,0.6730954676952748
44,D,permanence,corr,logreg,3.0,0.11764705882352941,119,0.9163265306122449,0.06829228563866142,0.6738095238095239
44,D,permanence,corr,logreg,3.5,0.12380952380952381,105,0.8929765886287626,0.07388164460777844,0.6484113712374582
44,D,permanence,corr,logreg,4.0,0.14444444444444443,90,0.8821178821178821,0.08669463807079611,0.6473526473526474
44,D,occurrence,corr_conc,gbt,2.0,0.46846846846846846,333,0.9893162393162394,0.04234041723515242,0.9340504128639722
44,D,occurrence,corr_conc,gbt,2.5,0.439873417721519,316,0.9806934113725968,0.05121100876079107,0.9309027354387676
44,D,occurrence,corr_conc,gbt,3.0,0.40202702702702703,296,0.9802022503916821,0.05014819381007781,0.9353843232208137
44,D,occurrence,corr_conc,gbt,3.5,0.3723404255319149,282,0.9733118105999461,0.053880931448226504,0.9221953188054883
44,D,occurrence,corr_conc,gbt,4.0,0.33707865168539325,267,0.9748273697426241,0.047760396570778074,0.9218455743879472
44,D,occurrence,corr_conc,logreg,2.0,0.46846846846846846,333,0.9485730841663046,0.09218592769416348,0.8584854411125598
44,D,occurrence,corr_conc,logreg,2.5,0.439873417721519,316,0.940616997927082,0.09688827454714757,0.8607690119091168
44,D,occurrence,corr_conc,logreg,3.0,0.40202702702702703,296,0.9434078716232256,0.09551618213460751,0.8525138869106965
44,D,occurrence,corr_conc,logreg,3.5,0.3723404255319149,282,0.9384449825127791,0.09261307928664445,0.8481033091202583
44,D,occurrence,corr_conc,logreg,4.0,0.33707865168539325,267,0.9399874450721909,0.08719549611126323,0.8633709981167608
44,D,permanence,corr_conc,gbt,2.0,0.12179487179487179,156,0.9320015366884364,0.06894131317220638,0.7258932001536689
44,D,permanence,corr_conc,gbt,2.5,0.1223021582733813,139,0.9098360655737705,0.07834712201496939,0.7229990356798457
44,D,permanence,corr_conc,gbt,3.0,0.11764705882352941,119,0.889795918367347,0.08012901678085965,0.6428571428571428
44,D,permanence,corr_conc,gbt,3.5,0.12380952380952381,105,0.8561872909698997,0.09084682742828135,0.6484113712374582
44,D,permanence,corr_conc,gbt,4.0,0.14444444444444443,90,0.9010989010989011,0.0830882026150021,0.6923076923076923
44,D,permanence,corr_conc,logreg,2.0,0.12179487179487179,156,0.9285439877064925,0.07129119030092694,0.692278140606992
44,D,permanence,corr_conc,logreg,2.5,0.1223021582733813,139,0.9267116682738669,0.06984430205418828,0.6853905496624879
44,D,permanence,corr_conc,logreg,3.0,0.11764705882352941,119,0.9251700680272109,0.06457272707507308,0.7047619047619047
44,D,permanence,corr_conc,logreg,3.5,0.12380952380952381,105,0.9172240802675585,0.06878169330550218,0.6923076923076923
44,D,permanence,corr_conc,logreg,4.0,0.14444444444444443,90,0.9130869130869131,0.07856195713533473,0.7307692307692308
42,E,occurrence,base,gbt,2.0,0.7530864197530864,324,0.8677254098360655,0.12488546649725642,0.7255122950819672
42,E,occurrence,base,gbt,2.5,0.7333333333333333,300,0.8684659090909091,0.13129213431529235,0.7232954545454545
42,E,occurrence,base,gbt,3.0,0.6958174904942965,263,0.8760928961748634,0.13195198987083576,0.7578551912568305
42,E,occurrence,base,gbt,3.5,0.6566523605150214,233,0.887826797385621,0.12580671547658287,0.8099264705882353
42,E,occurrence,base,gbt,4.0,0.6039603960396039,202,0.9098360655737705,0.12178708080920023,0.792827868852459
42,E,occurrence,base,logreg,2.0,0.7530864197530864,324,0.8486680327868852,0.12924642227800975,0.6964139344262295
42,E,occurrence,base,logreg,2.5,0.7333333333333333,300,0.8563068181818182,0.12955999093469917,0.7130681818181819
42,E,occurrence,base,logreg,3.0,0.6958174904942965,263,0.8637295081967213,0.13348388949012158,0.7723019125683059
42,E,occurrence,base,logreg,3.5,0.6566523605150214,233,0.882516339869281,0.12760344207006788,0.803390522875817
42,E,occurrence,base,logreg,4.0,0.6039603960396039,202,0.8878073770491803,0.12729965970760143,0.811577868852459
42,E,permanence,base,-,2.0,0.0,244,,,
42,E,permanence,base,-,2.5,0.0,220,,,
42,E,permanence,base,-,3.0,0.0,183,,,
42,E,permanence,base,-,3.5,0.0,153,,,
42,E,permanence,base,-,4.0,0.0,122,,,
42,E,occurrence,corr,gbt,2.0,0.7530864197530864,324,0.9219262295081968,0.10944580456427623,0.7506147540983606
42,E,occurrence,corr,gbt,2.5,0.7333333333333333,300,0.9221590909090909,0.1068339805193771,0.8090909090909091
42,E,occurrence,corr,gbt,3.0,0.6958174904942965,263,0.9272540983606558,0.10579062480078019,0.8187841530054645
42,E,occurrence,corr,gbt,3.5,0.6566523605150214,233,0.9368464052287582,0.108484306208746,0.8316584967320262
42,E,occurrence,corr,gbt,4.0,0.6039603960396039,202,0.9439549180327869,0.1070395579087957,0.8424180327868853
42,E,occurrence,corr,logreg,2.0,0.7530864197530864,324,0.9100409836065573,0.10917705492558845,0.7903688524590164
42,E,occurrence,corr,logreg,2.5,0.7333333333333333,300,0.9164204545454546,0.10595661328032174,0.7977272727272727
42,E,occurrence,corr,logreg,3.0,0.6958174904942965,263,0.9198770491803279,0.10833956009037264,0.8184084699453551
42,E,occurrence,corr,logreg,3.5,0.6566523605150214,233,0.9285947712418301,0.10230211834005182,0.8131944444444444
42,E,occurrence,corr,logreg,4.0,0.6039603960396039,202,0.9348360655737704,0.09886900794506942,0.8424180327868853
42,E,permanence,corr,-,2.0,0.0,244,,,
42,E,permanence,corr,-,2.5,0.0,220,,,
42,E,permanence,corr,-,3.0,0.0,183,,,
42,E,permanence,corr,-,3.5,0.0,153,,,
42,E,permanence,corr,-,4.0,0.0,122,,,
42,E,occurrence,corr_conc,gbt,2.0,0.7530864197530864,324,0.9240266393442623,0.10626699255110114,0.7463114754098361
42,E,occurrence,corr_conc,gbt,2.5,0.7333333333333333,300,0.9231818181818181,0.10425209689697491,0.8005681818181818
42,E,occurrence,corr_conc,gbt,3.0,0.6958174904942965,263,0.934016393442623,0.10111530172100454,0.8133196721311475
42,E,occurrence,corr_conc,gbt,3.5,0.6566523605150214,233,0.9373366013071895,0.11024267120024603,0.822140522875817
42,E,occurrence,corr_conc,gbt,4.0,0.6039603960396039,202,0.9489754098360657,0.10162944061572028,0.8506147540983606
42,E,occurrence,corr_conc,logreg,2.0,0.7530864197530864,324,0.9120389344262294,0.10811154651067298,0.7820696721311475
42,E,occurrence,corr_conc,logreg,2.5,0.7333333333333333,300,0.9185227272727273,0.10480264285952343,0.7994318181818182
42,E,occurrence,corr_conc,logreg,3.0,0.6958174904942965,263,0.9185109289617486,0.10938436717427977,0.7996584699453552
42,E,occurrence,corr_conc,logreg,3.5,0.6566523605150214,233,0.9284313725490196,0.10221098337425973,0.8099264705882353
42,E,occurrence,corr_conc,logreg,4.0,0.6039603960396039,202,0.9334016393442623,0.10073654415150729,0.8361680327868852
42,E,permanence,corr_conc,-,2.0,0.0,244,,,
42,E,permanence,corr_conc,-,2.5,0.0,220,,,
42,E,permanence,corr_conc,-,3.0,0.0,183,,,
42,E,permanence,corr_conc,-,3.5,0.0,153,,,
42,E,permanence,corr_conc,-,4.0,0.0,122,,,
43,E,occurrence,base,gbt,2.0,0.7538461538461538,325,0.8444897959183674,0.13527369109590298,0.7135204081632653
43,E,occurrence,base,gbt,2.5,0.7212543554006968,287,0.8472222222222222,0.13948080399072973,0.7266908212560387
43,E,occurrence,base,gbt,3.0,0.6946564885496184,262,0.8440934065934066,0.14514256519707439,0.7532967032967033
43,E,occurrence,base,gbt,3.5,0.6610169491525424,236,0.8442307692307691,0.15205864816735787,0.7511217948717949
43,E,occurrence,base,gbt,4.0,0.6097560975609756,205,0.8616,0.15100282925492112,0.7677499999999999
43,E,occurrence,base,logreg,2.0,0.7538461538461538,325,0.8175510204081633,0.14141560957243912,0.6801020408163265
43,E,occurrence,base,logreg,2.5,0.7212543554006968,287,0.8189009661835749,0.1489548121350019,0.7117753623188405
43,E,occurrence,base,logreg,3.0,0.6946564885496184,262,0.829739010989011,0.1482127474219978,0.726304945054945
43,E,occurrence,base,logreg,3.5,0.6610169491525424,236,0.84375,0.1500220864737092,0.7357371794871794
43,E,occurrence,base,logreg,4.0,0.6097560975609756,205,0.8509,0.15367359406542241,0.75125
43,E,permanence,base,-,2.0,0.0,245,,,
43,E,permanence,base,-,2.5,0.0,207,,,
43,E,permanence,base,-,3.0,0.0,182,,,
43,E,permanence,base,-,3.5,0.0,156,,,
43,E,permanence,base,-,4.0,0.0,125,,,
43,E,occurrence,corr,gbt,2.0,0.7538461538461538,325,0.9009183673469388,0.11969974209027388,0.7549744897959183
43,E,occurrence,corr,gbt,2.5,0.7212543554006968,287,0.896195652173913,0.12217088472742874,0.7853562801932368
43,E,occurrence,corr,gbt,3.0,0.6946564885496184,262,0.9042582417582418,0.12224960973741153,0.7747939560439561
43,E,occurrence,corr,gbt,3.5,0.6610169491525424,236,0.9059294871794873,0.120858074245108,0.7988782051282051
43,E,occurrence,corr,gbt,4.0,0.6097560975609756,205,0.8966,0.13668138740084232,0.8185
43,E,occurrence,corr,logreg,2.0,0.7538461538461538,325,0.9063265306122449,0.10731562996015638,0.775765306122449
43,E,occurrence,corr,logreg,2.5,0.7212543554006968,287,0.897463768115942,0.11404804462896945,0.7704408212560386
43,E,occurrence,corr,logreg,3.0,0.6946564885496184,262,0.9101648351648352,0.10777597517889213,0.8005494505494506
43,E,occurrence,corr,logreg,3.5,0.6610169491525424,236,0.9085737179487179,0.111295590198452,0.8176282051282051
43,E,occurrence,corr,logreg,4.0,0.6097560975609756,205,0.9084,0.12074861743304541,0.80025
43,E,permanence,corr,-,2.0,0.0,245,,,
43,E,permanence,corr,-,2.5,0.0,207,,,
43,E,permanence,corr,-,3.0,0.0,182,,,
43,E,permanence,corr,-,3.5,0.0,156,,,
43,E,permanence,corr,-,4.0,0.0,125,,,
43,E,occurrence,corr_conc,gbt,2.0,0.7538461538461538,325,0.9019897959183674,0.11814796284014316,0.7528061224489795
43,E,occurrence,corr_conc,gbt,2.5,0.7212543554006968,287,0.8949879227053139,0.12213346163043824,0.7940217391304347
43,E,occurrence,corr_conc,gbt,3.0,0.6946564885496184,262,0.9032967032967033,0.12278405534811505,0.787293956043956
43,E,occurrence,corr_conc,gbt,3.5,0.6610169491525424,236,0.9092948717948718,0.12110420504821427,0.8051282051282052
43,E,occurrence,corr_conc,gbt,4.0,0.6097560975609756,205,0.9004000000000001,0.1356390231616895,0.8065
43,E,occurrence,corr_conc,logreg,2.0,0.7538461538461538,325,0.9059183673469389,0.10814531253035853,0.7612244897959184
43,E,occurrence,corr_conc,logreg,2.5,0.7212543554006968,287,0.8967391304347827,0.11477420158668397,0.7728562801932367
43,E,occurrence,corr_conc,logreg,3.0,0.6946564885496184,262,0.9080357142857143,0.10835016488695445,0.8095467032967033
43,E,occurrence,corr_conc,logreg,3.5,0.6610169491525424,236,0.9092948717948719,0.11098149838514097,0.8176282051282051
43,E,occurrence,corr_conc,logreg,4.0,0.6097560975609756,205,0.9082,0.12090018050132421,0.80025
43,E,permanence,corr_conc,-,2.0,0.0,245,,,
43,E,permanence,corr_conc,-,2.5,0.0,207,,,
43,E,permanence,corr_conc,-,3.0,0.0,182,,,
43,E,permanence,corr_conc,-,3.5,0.0,156,,,
43,E,permanence,corr_conc,-,4.0,0.0,125,,,
44,E,occurrence,base,gbt,2.0,0.7616099071207431,323,0.8874458874458874,0.11242779356201504,0.7247914686939076
44,E,occurrence,base,gbt,2.5,0.7363013698630136,292,0.8816671700392631,0.12278134579902639,0.7290244639081849
44,E,occurrence,base,gbt,3.0,0.6956521739130435,253,0.8932260920897284,0.12525074832914523,0.7244318181818181
44,E,occurrence,base,gbt,3.5,0.6607929515418502,227,0.9061471861471861,0.12140921974459208,0.7906493506493506
44,E,occurrence,base,gbt,4.0,0.6206896551724138,203,0.9191919191919193,0.11983977464355118,0.8221500721500722
44,E,occurrence,base,logreg,2.0,0.7616099071207431,323,0.8551895259212332,0.12547068865946406,0.666745855770246
44,E,occurrence,base,logreg,2.5,0.7363013698630136,292,0.842585321655089,0.13882877153799195,0.70024161884627
44,E,occurrence,base,logreg,3.0,0.6956521739130435,253,0.8603896103896104,0.1357113340952486,0.7560876623376623
44,E,occurrence,base,logreg,3.5,0.6607929515418502,227,0.8701298701298702,0.1373956880736022,0.7646753246753246
44,E,occurrence,base,logreg,4.0,0.6206896551724138,203,0.8968253968253969,0.12593201689980202,0.8041125541125541
44,E,permanence,base,-,2.0,0.0,246,,,
44,E,permanence,base,-,2.5,0.0,215,,,
44,E,permanence,base,-,3.0,0.0,176,,,
44,E,permanence,base,-,3.5,0.0,150,,,
44,E,permanence,base,-,4.0,0.0,126,,,
44,E,occurrence,corr,gbt,2.0,0.7616099071207431,323,0.9358568261007286,0.09431658740739345,0.7588955759687467
44,E,occurrence,corr,gbt,2.5,0.7363013698630136,292,0.9425551192993052,0.09050156365312477,0.7814557535487767
44,E,occurrence,corr,gbt,3.0,0.6956521739130435,253,0.936909681227863,0.10128421736232246,0.8218344155844156
44,E,occurrence,corr,gbt,3.5,0.6607929515418502,227,0.9413852813852813,0.10093365231833884,0.845930735930736
44,E,occurrence,corr,gbt,4.0,0.6206896551724138,203,0.9624819624819625,0.08487923273213635,0.871933621933622
44,E,occurrence,corr,logreg,2.0,0.7616099071207431,323,0.9336395312005069,0.08905117545784397,0.8185249709639953
44,E,occurrence,corr,logreg,2.5,0.7363013698630136,292,0.9354273633343401,0.0913315233146758,0.8296285110238599
44,E,occurrence,corr,logreg,3.0,0.6956521739130435,253,0.9414846517119244,0.0910402344955314,0.8327922077922079
44,E,occurrence,corr,logreg,3.5,0.6607929515418502,227,0.9447619047619048,0.09079366314930112,0.8394372294372294
44,E,occurrence,corr,logreg,4.0,0.6206896551724138,203,0.9622758194186766,0.07860116443984534,0.8733766233766234
44,E,permanence,corr,-,2.0,0.0,246,,,
44,E,permanence,corr,-,2.5,0.0,215,,,
44,E,permanence,corr,-,3.0,0.0,176,,,
44,E,permanence,corr,-,3.5,0.0,150,,,
44,E,permanence,corr,-,4.0,0.0,126,,,
44,E,occurrence,corr_conc,gbt,2.0,0.7616099071207431,323,0.9373350227008763,0.09658777551269886,0.7588955759687467
44,E,occurrence,corr_conc,gbt,2.5,0.7363013698630136,292,0.9444276653578979,0.08647624263121743,0.7972515856236786
44,E,occurrence,corr_conc,gbt,3.0,0.6956521739130435,253,0.9403778040141677,0.09697105248404608,0.8368506493506493
44,E,occurrence,corr_conc,gbt,3.5,0.6607929515418502,227,0.9425108225108225,0.09923284834614578,0.8296103896103897
44,E,occurrence,corr_conc,gbt,4.0,0.6206896551724138,203,0.9644403215831786,0.07881743184668469,0.8888888888888888
44,E,occurrence,corr_conc,logreg,2.0,0.7616099071207431,323,0.9323197128075177,0.0896462056474717,0.8164924506387921
44,E,occurrence,corr_conc,logreg,2.5,0.7363013698630136,292,0.934823316218665,0.09121436614235395,0.8384475989127151
44,E,occurrence,corr_conc,logreg,3.0,0.6956521739130435,253,0.9406729634002362,0.09123491873063598,0.8392857142857143
44,E,occurrence,corr_conc,logreg,3.5,0.6607929515418502,227,0.9457142857142857,0.08988251011065862,0.8394372294372294
44,E,occurrence,corr_conc,logreg,4.0,0.6206896551724138,203,0.9633065347351062,0.07755201966994249,0.8694083694083694
44,E,permanence,corr_conc,-,2.0,0.0,246,,,
44,E,permanence,corr_conc,-,2.5,0.0,215,,,
44,E,permanence,corr_conc,-,3.0,0.0,176,,,
44,E,permanence,corr_conc,-,3.5,0.0,150,,,
44,E,permanence,corr_conc,-,4.0,0.0,126,,,
