seed,task,features,model,t_obs,base_rate,n_windows,auroc,brier,bal_acc,n_pos,auroc_lo,auroc_hi
42,occurrence,base,gbt,2.0,0.45590433482810166,3345,0.899517204107368,0.12739424160290286,0.812877859845073,1525,0.8892318329276561,0.9097576714433133
42,occurrence,base,gbt,2.5,0.42056669850366124,3141,0.883512324163346,0.1352635418122106,0.787793546347672,1321,0.87153400545709,0.8943458820553967
42,occurrence,base,gbt,3.0,0.3845113290497125,2957,0.8695091188494882,0.13938961216195278,0.7681652120966105,1137,0.8561584022021081,0.881842065154604
42,occurrence,base,gbt,3.5,0.3516209476309227,2807,0.8472438402529587,0.14441063533602297,0.7460856519367158,987,0.8322078998626293,0.8625794403516109
42,occurrence,base,gbt,4.0,0.3216548639582557,2683,0.8329511160913248,0.14443733057801741,0.724944290935021,863,0.8158561137404253,0.8491618627997629
42,occurrence,base,logreg,2.0,0.45590433482810166,3345,0.849377049180328,0.15766803363317863,0.764882003242659,1525,0.8365538155922417,0.8620158442834707
42,occurrence,base,logreg,2.5,0.42056669850366124,3141,0.8352496859688381,0.16455558656724234,0.7560593456505644,1321,0.820617385994074,0.8491259541789721
42,occurrence,base,logreg,3.0,0.3845113290497125,2957,0.8256830680313532,0.16093633165137555,0.7451407211961302,1137,0.8103903902270831,0.8416942396210727
42,occurrence,base,logreg,3.5,0.3516209476309227,2807,0.8151357760780255,0.15936681951473183,0.7079280648429584,987,0.7979780066158576,0.832695348409299
42,occurrence,base,logreg,4.0,0.3216548639582557,2683,0.8051449709039512,0.1604515599092849,0.6705891154037157,863,0.7862230573149017,0.8214297920587365
42,permanence,base,gbt,2.0,0.12524590163934426,1525,0.9051351287706931,0.06380639778271656,0.7277310297730716,191,0.879291697053223,0.9280361357045906
42,permanence,base,gbt,2.5,0.12263436790310371,1321,0.8985662395210856,0.06572343791463522,0.6893341428860554,162,0.8711021103888484,0.9256793500005186
42,permanence,base,gbt,3.0,0.12928759894459102,1137,0.8884353741496598,0.07304977814978622,0.6716862502576788,147,0.8563530687382939,0.916064779923499
42,permanence,base,gbt,3.5,0.12462006079027356,987,0.888597184582957,0.07632515791891198,0.6510275519421861,123,0.8599942866508697,0.91647811760351
42,permanence,base,gbt,4.0,0.12514484356894554,863,0.8710448859455482,0.0793580713844037,0.6421817512877115,108,0.8332662421691982,0.9045683646464192
42,permanence,base,logreg,2.0,0.12524590163934426,1525,0.7343775756101008,0.0994526170474178,0.5807534714318233,191,0.6940879136352692,0.7717040133490104
42,permanence,base,logreg,2.5,0.12263436790310371,1321,0.7313509943650869,0.09751946283685221,0.5490844597833381,162,0.6905869602003473,0.776258189430206
42,permanence,base,logreg,3.0,0.12928759894459102,1137,0.7367140795712225,0.10094237768205382,0.5343846629560915,147,0.6941437128511526,0.7802651919098053
42,permanence,base,logreg,3.5,0.12462006079027356,987,0.7439306684733515,0.09873473157593174,0.5116164182475158,123,0.6976769007261064,0.788062756990061
42,permanence,base,logreg,4.0,0.12514484356894554,863,0.7417954378219279,0.09955690988482305,0.5046296296296297,108,0.6899542760499536,0.7921077689822503
42,occurrence,corr,gbt,2.0,0.45590433482810166,3345,0.9693666006125023,0.07019815172039398,0.8980643127364438,1525,0.9644913673355066,0.9733597037879216
42,occurrence,corr,gbt,2.5,0.42056669850366124,3141,0.962660655014932,0.07565213755576251,0.8874254435950121,1321,0.9567833941313664,0.9680851180828973
42,occurrence,corr,gbt,3.0,0.3845113290497125,2957,0.9572037461219519,0.07937975941411424,0.877488232963167,1137,0.9507948042436685,0.9638239413699525
42,occurrence,corr,gbt,3.5,0.3516209476309227,2807,0.9463937784606476,0.08596188554058891,0.8529479385862364,987,0.9379333358437999,0.9538554086439418
42,occurrence,corr,gbt,4.0,0.3216548639582557,2683,0.9368017266626768,0.08870348762496008,0.8380827168196809,863,0.9270959771522995,0.9464599362864177
42,occurrence,corr,logreg,2.0,0.45590433482810166,3345,0.885235813366961,0.1364730668540635,0.803979463159791,1525,0.8741175680463713,0.8963915145314693
42,occurrence,corr,logreg,2.5,0.42056669850366124,3141,0.8769234928583907,0.1379344335443541,0.798464366821672,1321,0.8640179241429534,0.8895740424793257
42,occurrence,corr,logreg,3.0,0.3845113290497125,2957,0.8660940203156563,0.1370586981519251,0.7871318874617028,1137,0.8520396792300741,0.8789950732489396
42,occurrence,corr,logreg,3.5,0.3516209476309227,2807,0.8558134874244298,0.13743431701958816,0.7636174109578364,987,0.8398905398837962,0.8712124283635033
42,occurrence,corr,logreg,4.0,0.3216548639582557,2683,0.8511893089529243,0.13864957519304602,0.7185874091146397,863,0.8361134118321379,0.8678713216310336
42,permanence,corr,gbt,2.0,0.12524590163934426,1525,0.9091736854086044,0.061195113120102985,0.7494171762286397,191,0.8849703477282581,0.9330797583520248
42,permanence,corr,gbt,2.5,0.12263436790310371,1321,0.9071730631983723,0.06192543438889589,0.726802586307907,162,0.8770740625061869,0.933062898495807
42,permanence,corr,gbt,3.0,0.12928759894459102,1137,0.8996839139696282,0.06970015531383877,0.6963718820861677,147,0.8733501692460275,0.9255202621809151
42,permanence,corr,gbt,3.5,0.12462006079027356,987,0.8764302920806984,0.07827083999972241,0.6388324299909666,123,0.843648151937486,0.9074194031670677
42,permanence,corr,gbt,4.0,0.12514484356894554,863,0.8895020848663233,0.07508633252486925,0.6534216335540839,108,0.856092514667865,0.9207557780286507
42,permanence,corr,logreg,2.0,0.12524590163934426,1525,0.8571394930806848,0.0777560207750738,0.701904283460364,191,0.8252708018156256,0.8878063655290171
42,permanence,corr,logreg,2.5,0.12263436790310371,1321,0.8588129400611425,0.07634322597433416,0.6416770523759308,162,0.8221291865795767,0.8913457612951136
42,permanence,corr,logreg,3.0,0.12928759894459102,1137,0.8648594791451935,0.08163962788763335,0.5746959389816533,147,0.8300618216403716,0.89641823197356
42,permanence,corr,logreg,3.5,0.12462006079027356,987,0.8574130532971996,0.08350502594161527,0.5342705510388437,123,0.817228329929747,0.8938690401406391
42,permanence,corr,logreg,4.0,0.12514484356894554,863,0.8469953397105715,0.0868627840478216,0.5138888888888888,108,0.8068143657235542,0.883185769685605
42,occurrence,corr_conc,gbt,2.0,0.45590433482810166,3345,0.9849057827418485,0.04835890080825223,0.9318275986308773,1525,0.9816718158729015,0.9879681377174647
42,occurrence,corr_conc,gbt,2.5,0.42056669850366124,3141,0.9857912337473276,0.04600199412885342,0.9339754681351956,1321,0.9828241079338391,0.9889208608238065
42,occurrence,corr_conc,gbt,3.0,0.3845113290497125,2957,0.9829704156880938,0.048248329335372514,0.9271192747446046,1137,0.9789439145685344,0.9866611620599757
42,occurrence,corr_conc,gbt,3.5,0.3516209476309227,2807,0.979900798289856,0.05161548969182076,0.9129296235679214,987,0.9754864353652993,0.9840171652968659
42,occurrence,corr_conc,gbt,4.0,0.3216548639582557,2683,0.98114741573606,0.049561939930781576,0.9143261431500134,863,0.9765403038507955,0.985581114846461
42,occurrence,corr_conc,logreg,2.0,0.45590433482810166,3345,0.935923257070798,0.10005753424824482,0.855281030444965,1525,0.927651077125003,0.943402894751071
42,occurrence,corr_conc,logreg,2.5,0.42056669850366124,3141,0.9323676701799336,0.10081949412667648,0.8525116253920191,1321,0.9233321022335212,0.9409551777095623
42,occurrence,corr_conc,logreg,3.0,0.3845113290497125,2957,0.9272255888350875,0.10145120272335562,0.8381336561415718,1137,0.9172920561019592,0.9365790767730885
42,occurrence,corr_conc,logreg,3.5,0.3516209476309227,2807,0.9173435986505895,0.10514152846985719,0.823197724261554,987,0.9059392607959419,0.9281858560463193
42,occurrence,corr_conc,logreg,4.0,0.3216548639582557,2683,0.9113996663822852,0.10526003659435507,0.8101123094749978,863,0.8992846433398883,0.9228328081524547
42,permanence,corr_conc,gbt,2.0,0.12524590163934426,1525,0.9164697755834125,0.05998225200506179,0.7684855216370872,191,0.8934791369258781,0.9388734208950186
42,permanence,corr_conc,gbt,2.5,0.12263436790310371,1321,0.9135056828470691,0.06005314271221908,0.7308183938900074,162,0.8847534724059859,0.9378041536065428
42,permanence,corr_conc,gbt,3.0,0.12928759894459102,1137,0.915357658214801,0.06489588692711655,0.7201814058956916,147,0.8889107863027835,0.9384942171453473
42,permanence,corr_conc,gbt,3.5,0.12462006079027356,987,0.9065793435712134,0.06787216915508998,0.6916779584462511,123,0.8754188301737659,0.933046218011014
42,permanence,corr_conc,gbt,4.0,0.12514484356894554,863,0.8932180524895758,0.06826732082006522,0.7036914397841549,108,0.8597214299624611,0.9264576022305078
42,permanence,corr_conc,logreg,2.0,0.12524590163934426,1525,0.8595846056029578,0.077490152213857,0.6925634041617934,191,0.826649956586632,0.888849608983916
42,permanence,corr_conc,logreg,2.5,0.12263436790310371,1321,0.8580992554245359,0.07601384801850468,0.650073498865561,162,0.8235534761542899,0.8901424708884638
42,permanence,corr_conc,logreg,3.0,0.12928759894459102,1137,0.868260839689411,0.07926045980657631,0.6019068233353948,147,0.8291364338960641,0.9011734353960241
42,permanence,corr_conc,logreg,3.5,0.12462006079027356,987,0.8670204757603132,0.08021144381864907,0.558082091237579,123,0.8290856377456782,0.9020528071618137
42,permanence,corr_conc,logreg,4.0,0.12514484356894554,863,0.8594064262938436,0.08349064678342741,0.5648086828550405,108,0.8182890315907995,0.8985678012615437
43,occurrence,base,gbt,2.0,0.45100994874886946,3317,0.8977592085209103,0.12935580564541507,0.80815820037765,1496,0.8872307372374424,0.907448969881895
43,occurrence,base,gbt,2.5,0.41728,3125,0.8799010689872415,0.13703794590532467,0.7932724216115328,1304,0.8682179557000042,0.8912400149638768
43,occurrence,base,gbt,3.0,0.3833389773112089,2953,0.8677701065115855,0.13916975163252557,0.7746500874175064,1132,0.8544477124175442,0.8806113919482499
43,occurrence,base,gbt,3.5,0.34941050375133975,2799,0.8518219050859717,0.14194120914502098,0.7465038086671181,978,0.8377193774904689,0.8660671602800613
43,occurrence,base,gbt,4.0,0.31438253012048195,2656,0.8360189012419972,0.143046801845181,0.72341149661139,835,0.8195413404682396,0.8524080477151963
43,occurrence,base,logreg,2.0,0.45100994874886946,3317,0.8516945792844619,0.15608398686033173,0.7689423305640963,1496,0.8392358804769442,0.8645298677363666
43,occurrence,base,logreg,2.5,0.41728,3125,0.8253576205347968,0.17002686496216446,0.7430482560313723,1304,0.8106857907638758,0.8395683211848013
43,occurrence,base,logreg,3.0,0.3833389773112089,2953,0.816877303077756,0.16513791798798755,0.7389197582969014,1132,0.8012768670727218,0.8329779550783469
43,occurrence,base,logreg,3.5,0.34941050375133975,2799,0.8148340930453504,0.15918157225534998,0.7094295253400175,978,0.7979290986978343,0.8322547828777781
43,occurrence,base,logreg,4.0,0.31438253012048195,2656,0.804735833111372,0.16084869402943058,0.6613931938429566,835,0.7853920594822884,0.8226461410405936
43,permanence,base,gbt,2.0,0.12901069518716576,1496,0.9272066454853088,0.05477560910280022,0.7794110044973934,193,0.903761651749815,0.9493397802383365
43,permanence,base,gbt,2.5,0.1196319018404908,1304,0.9229149915125525,0.05618493601246699,0.7490060752255874,156,0.8960226785429436,0.9450902295359612
43,permanence,base,gbt,3.0,0.11749116607773852,1132,0.9295460874408241,0.05136069570006955,0.7701874807137965,133,0.903356125217597,0.9538928109025752
43,permanence,base,gbt,3.5,0.11758691206543967,978,0.913899944581591,0.055879520415156536,0.7301476144893949,115,0.8777711547320135,0.946755145137498
43,permanence,base,gbt,4.0,0.11976047904191617,835,0.9138775510204081,0.05848413986825612,0.7225170068027211,100,0.8785142614909602,0.946468449555799
43,permanence,base,logreg,2.0,0.12901069518716576,1496,0.7994703335069728,0.08934740654969951,0.5900035390629038,193,0.7594165497239745,0.835682525328264
43,permanence,base,logreg,2.5,0.1196319018404908,1304,0.7986576431698382,0.08584524490872333,0.57169659608684,156,0.7599647992125543,0.837703913171475
43,permanence,base,logreg,3.0,0.11749116607773852,1132,0.7859137332821544,0.08698384511499865,0.5383503804556437,133,0.7414128402808952,0.8302215395427951
43,permanence,base,logreg,3.5,0.11758691206543967,978,0.7691369842309436,0.08970877704173771,0.5243488336943927,115,0.7216995241078887,0.818129934832172
43,permanence,base,logreg,4.0,0.11976047904191617,835,0.7559047619047619,0.09375644604170201,0.51,100,0.706512288371747,0.8079845420060953
43,occurrence,corr,gbt,2.0,0.45100994874886946,3317,0.972782628102911,0.06573243502359356,0.9041685754727231,1496,0.9680326017663541,0.9773351877074755
43,occurrence,corr,gbt,2.5,0.41728,3125,0.9676077999346413,0.07083832482871678,0.8889910822274554,1304,0.9624684735412362,0.972677455115076
43,occurrence,corr,gbt,3.0,0.3833389773112089,2953,0.9619500992542831,0.07513116055921709,0.8764795970838839,1132,0.9562034029709998,0.9675227009314968
43,occurrence,corr,gbt,3.5,0.34941050375133975,2799,0.9554380893663901,0.07933903315647041,0.8603805971909184,978,0.9478960976499297,0.9621691318986115
43,occurrence,corr,gbt,4.0,0.31438253012048195,2656,0.9438493688076895,0.08473739022176095,0.8360682259862482,835,0.9350249614568467,0.9523509238171267
43,occurrence,corr,logreg,2.0,0.45100994874886946,3317,0.8962501505020162,0.126724795887919,0.8139706983587205,1496,0.8852470498108624,0.9070720250491136
43,occurrence,corr,logreg,2.5,0.41728,3125,0.884650111345819,0.13245511605286697,0.800476630854078,1304,0.8715848552799847,0.8957285989047093
43,occurrence,corr,logreg,3.0,0.3833389773112089,2953,0.8720313461131713,0.1341031675862249,0.7901094513751036,1132,0.8585525848702137,0.8848855804010034
43,occurrence,corr,logreg,3.5,0.34941050375133975,2799,0.8636330967164494,0.1338384495324795,0.7587274234139538,978,0.8483639444840833,0.878380991521074
43,occurrence,corr,logreg,4.0,0.31438253012048195,2656,0.854993143860549,0.13584896601126145,0.7157119040337776,835,0.8384384601120343,0.8703215703588659
43,permanence,corr,gbt,2.0,0.12901069518716576,1496,0.9358793378373542,0.05611323499779438,0.7803713232516433,193,0.9160634265732898,0.9539043742121647
43,permanence,corr,gbt,2.5,0.1196319018404908,1304,0.9311679174484053,0.05739198106602941,0.7369337979094077,156,0.9083847678546296,0.9508138029880192
43,permanence,corr,gbt,3.0,0.11749116607773852,1132,0.9268892953103479,0.05538170265774685,0.7456290877343509,133,0.8997451985260024,0.9501340099645628
43,permanence,corr,gbt,3.5,0.11758691206543967,978,0.9245604312559828,0.05584092393676058,0.7553680286160512,115,0.8949077683232887,0.9492871546366809
43,permanence,corr,gbt,4.0,0.11976047904191617,835,0.92021768707483,0.05536152992154932,0.7425170068027211,100,0.8834883316256938,0.9503844008284922
43,permanence,corr,logreg,2.0,0.12901069518716576,1496,0.9090778951721615,0.06161154141700417,0.8064709180488232,193,0.8826079865900698,0.9344725025571937
43,permanence,corr,logreg,2.5,0.1196319018404908,1304,0.9098878763512909,0.06014564433706035,0.750189850799607,156,0.8797050966499048,0.93599947465231
43,permanence,corr,logreg,3.0,0.11749116607773852,1132,0.9097368044736466,0.06197070377369602,0.6992594097857255,133,0.8785448650173792,0.9376281475788312
43,permanence,corr,logreg,3.5,0.11758691206543967,978,0.9020101768351051,0.06772257600664207,0.6057987807950023,115,0.8683302088088811,0.9318760662939968
43,permanence,corr,logreg,4.0,0.11976047904191617,835,0.8902993197278912,0.07479178388074452,0.5493197278911565,100,0.8567506612637524,0.9226166666666668
43,occurrence,corr_conc,gbt,2.0,0.45100994874886946,3317,0.9871254702270305,0.04368874462882891,0.9394429443186589,1496,0.9840610753797788,0.989970300030707
43,occurrence,corr_conc,gbt,2.5,0.41728,3125,0.9877174275578375,0.042953841791394505,0.9404670460173234,1304,0.9844240193862647,0.9904065253487252
43,occurrence,corr_conc,gbt,3.0,0.3833389773112089,2953,0.9846068540758292,0.04582693496294083,0.9333393002330487,1132,0.9811946684652082,0.987749050078759
43,occurrence,corr_conc,gbt,3.5,0.34941050375133975,2799,0.9823025843684619,0.04767251133248735,0.9220242366662961,978,0.9779282979497865,0.9865288941168938
43,occurrence,corr_conc,gbt,4.0,0.31438253012048195,2656,0.9796966199396923,0.04815229361272378,0.9221468101687893,835,0.9744248600086864,0.9845882304155156
43,occurrence,corr_conc,logreg,2.0,0.45100994874886946,3317,0.9425052932660258,0.09597189456654567,0.8588797657748137,1496,0.9350721237472166,0.9495507869057122
43,occurrence,corr_conc,logreg,2.5,0.41728,3125,0.9347885777045579,0.0991611195765555,0.8496435586191098,1304,0.926039080659148,0.9424365161859641
43,occurrence,corr_conc,logreg,3.0,0.3833389773112089,2953,0.9280755729679068,0.10103963442483571,0.8399141445600309,1132,0.9189904225292063,0.9378477483301748
43,occurrence,corr_conc,logreg,3.5,0.34941050375133975,2799,0.9215520136018209,0.10273062536836029,0.8235421446451252,978,0.91129287535579,0.9316153433049829
43,occurrence,corr_conc,logreg,4.0,0.31438253012048195,2656,0.9175369195710721,0.1020613684444286,0.8049771955265745,835,0.9059909379117512,0.9291116734227859
43,permanence,corr_conc,gbt,2.0,0.12901069518716576,1496,0.9380425403313994,0.05445157870020464,0.7830574322309218,193,0.9176431763886339,0.9563269053669026
43,permanence,corr_conc,gbt,2.5,0.1196319018404908,1304,0.9329435808094345,0.054815056220005064,0.7713191280264451,156,0.9116118788395473,0.9531785809400443
43,permanence,corr_conc,gbt,3.0,0.11749116607773852,1132,0.9309685625475099,0.05550323886862154,0.7609225767120504,133,0.9073533814397773,0.9531372048419156
43,permanence,corr_conc,gbt,3.5,0.11758691206543967,978,0.9271600584412314,0.05310053354182024,0.7434832989067459,115,0.8966730247265796,0.953651875425918
43,permanence,corr_conc,gbt,4.0,0.11976047904191617,835,0.9281768707482992,0.052523461774577805,0.7588775510204082,100,0.8961144814090019,0.9569020738362221
43,permanence,corr_conc,logreg,2.0,0.12901069518716576,1496,0.9175080225386614,0.060350203031073996,0.7928455258689593,193,0.8917521901119647,0.9409704939759299
43,permanence,corr_conc,logreg,2.5,0.1196319018404908,1304,0.9133275261324042,0.059456475423537734,0.7628540159027963,156,0.8847331258419658,0.9388005418371677
43,permanence,corr_conc,logreg,3.0,0.11749116607773852,1132,0.9136730715678084,0.06060208902109638,0.7102817102817103,133,0.8819986783013147,0.9433511507834231
43,permanence,corr_conc,logreg,3.5,0.11758691206543967,978,0.9097687540934053,0.06492478548499839,0.6292760340571313,115,0.8749544469805828,0.9388363209764382
43,permanence,corr_conc,logreg,4.0,0.11976047904191617,835,0.9058639455782312,0.07007874900433053,0.5836394557823129,100,0.8697891699719916,0.9365739687055477
44,occurrence,base,gbt,2.0,0.4508221225710015,3345,0.8910073511043983,0.13331146653122602,0.8026636021422311,1508,0.8790435004165424,0.9015735993283774
44,occurrence,base,gbt,2.5,0.4151544094237504,3141,0.8840196071883006,0.13467058752657918,0.7931247098663798,1304,0.8722133640773498,0.8959094697922926
44,occurrence,base,gbt,3.0,0.37855209742895807,2956,0.8647034471150314,0.14094786255171532,0.7772386010333707,1119,0.8509437401398687,0.8770398819266354
44,occurrence,base,gbt,3.5,0.34509803921568627,2805,0.8517199260382315,0.14047006467128428,0.7551807541940911,968,0.8363013698364338,0.8658095805963055
44,occurrence,base,gbt,4.0,0.31121109861267343,2667,0.8320670816089617,0.14171052981953294,0.734803995513901,830,0.8146101577814987,0.8486513942733475
44,occurrence,base,logreg,2.0,0.4508221225710015,3345,0.8377656310239421,0.16411926611607988,0.7546951551442569,1508,0.825417801924808,0.8510263957143729
44,occurrence,base,logreg,2.5,0.4151544094237504,3141,0.8383676038887089,0.16429794735789904,0.7577626398068336,1304,0.8246391646589962,0.8532666198233864
44,occurrence,base,logreg,3.0,0.37855209742895807,2956,0.8251359819965236,0.16121667257583697,0.7482831071953095,1119,0.8082641449130636,0.8398151272044908
44,occurrence,base,logreg,3.5,0.34509803921568627,2805,0.8221700850740293,0.15495719962578933,0.722657989805513,968,0.8042293643410682,0.8389161516789104
44,occurrence,base,logreg,4.0,0.31121109861267343,2667,0.8023578254225394,0.15715752818427847,0.6818398252782496,830,0.7839960937590097,0.821246506445097
44,permanence,base,gbt,2.0,0.13660477453580902,1508,0.925935454043816,0.06190882107103017,0.7372041519395105,206,0.9044745668289728,0.9452246424191499
44,permanence,base,gbt,2.5,0.1303680981595092,1304,0.9161220043572985,0.06309959783050371,0.7042691150534288,170,0.8886490726982461,0.939438070738829
44,permanence,base,gbt,3.0,0.1260053619302949,1119,0.9085555990659763,0.06436921508368486,0.7106557020406388,141,0.8799482316485431,0.9351113052190106
44,permanence,base,gbt,3.5,0.13739669421487602,968,0.9035432893611274,0.07396315484528432,0.6783890864886768,133,0.8761219403365182,0.9299106563628164
44,permanence,base,gbt,4.0,0.13855421686746988,830,0.8975980541197933,0.07876319890712988,0.6648221343873517,115,0.8680211115187174,0.9249870695211302
44,permanence,base,logreg,2.0,0.13660477453580902,1508,0.750201333273679,0.10382139693787745,0.5588676121873741,206,0.7132388600413704,0.7849767542643363
44,permanence,base,logreg,2.5,0.1303680981595092,1304,0.7447038074489055,0.1003076674118805,0.5476501711795829,170,0.7047469442435293,0.7815490310505633
44,permanence,base,logreg,3.0,0.1260053619302949,1119,0.7268198233476918,0.10210144993279154,0.522266457816647,141,0.6842981760844347,0.7677789604651627
44,permanence,base,logreg,3.5,0.13739669421487602,968,0.7343928683985411,0.10870663134531212,0.5144387915897528,133,0.6933832678512006,0.7716859952540468
44,permanence,base,logreg,4.0,0.13855421686746988,830,0.7274065065369413,0.11097474542107087,0.5079963514746123,115,0.6778479713552408,0.770459878118065
44,occurrence,corr,gbt,2.0,0.4508221225710015,3345,0.9740068933750536,0.06300566036564399,0.9096753442716689,1508,0.9693776436639814,0.9782123841445648
44,occurrence,corr,gbt,2.5,0.4151544094237504,3141,0.9711177199421568,0.06597286462889328,0.9051599116323961,1304,0.9659610446877767,0.975919008922511
44,occurrence,corr,gbt,3.0,0.37855209742895807,2956,0.9622427093169255,0.07364982084144231,0.8834933107219634,1119,0.9555650760303406,0.9681751698592868
44,occurrence,corr,gbt,3.5,0.34509803921568627,2805,0.9556549935440914,0.07648687176236131,0.866627282624833,968,0.9481433871838582,0.9620591684446061
44,occurrence,corr,gbt,4.0,0.31121109861267343,2667,0.9436679762053112,0.08259226748069295,0.8465518032937411,830,0.9341072719765593,0.95214367589433
44,occurrence,corr,logreg,2.0,0.4508221225710015,3345,0.8879313954680463,0.13500767073385797,0.8040342632795658,1508,0.8769147515320478,0.9000901844469589
44,occurrence,corr,logreg,2.5,0.4151544094237504,3141,0.8870833347248614,0.13205994279803226,0.8056150665762729,1304,0.8756258849080932,0.8989708842289446
44,occurrence,corr,logreg,3.0,0.37855209742895807,2956,0.8748498615734652,0.1319118105078517,0.7899857122216694,1119,0.8616790807561638,0.8873789834133221
44,occurrence,corr,logreg,3.5,0.34509803921568627,2805,0.8705882749902148,0.12878095447494745,0.7780997921512347,968,0.8552437531848659,0.8845980104605338
44,occurrence,corr,logreg,4.0,0.31121109861267343,2667,0.8532901338615211,0.13265803944413646,0.737555666323432,830,0.8363504765454505,0.869565765373104
44,permanence,corr,gbt,2.0,0.13660477453580902,1508,0.9316249832222272,0.06068010174072179,0.7472969143811612,206,0.911618625798516,0.9505619059204027
44,permanence,corr,gbt,2.5,0.1303680981595092,1304,0.9271760556074281,0.060343658319082435,0.7404450669156551,170,0.903196716400249,0.9478593212986056
44,permanence,corr,gbt,3.0,0.1260053619302949,1119,0.9217029978679894,0.06002992007738842,0.718803028325284,141,0.8937592383643738,0.9449083502883832
44,permanence,corr,gbt,3.5,0.13739669421487602,968,0.9182207014542344,0.06943598710415579,0.6825807032551439,133,0.8900457462620889,0.9406783877624504
44,permanence,corr,gbt,4.0,0.13855421686746988,830,0.9106719367588932,0.07250129684009136,0.6735177865612648,115,0.8777386503148324,0.9374755979621828
44,permanence,corr,logreg,2.0,0.13660477453580902,1508,0.8856613425200961,0.07430712521695362,0.7563457265148464,206,0.8587288355098371,0.9109787297467185
44,permanence,corr,logreg,2.5,0.1303680981595092,1304,0.888188608776844,0.07293643908247134,0.6742711899574645,170,0.8567195721635432,0.9142437273862117
44,permanence,corr,logreg,3.0,0.1260053619302949,1119,0.8834210793485039,0.07591905224950019,0.6134099116738458,141,0.8502426189486464,0.9121786569643923
44,permanence,corr,logreg,3.5,0.13739669421487602,968,0.8864256449507001,0.08377945241360452,0.5747557516545856,133,0.8565683400988092,0.9161013101510198
44,permanence,corr,logreg,4.0,0.13855421686746988,830,0.8774946792338096,0.08855768684031393,0.5312861051991487,115,0.8469167980365834,0.9095617814977107
44,occurrence,corr_conc,gbt,2.0,0.4508221225710015,3345,0.9877044801162084,0.041684068106733974,0.9453757062677153,1508,0.9846439748055428,0.9906318313535957
44,occurrence,corr_conc,gbt,2.5,0.4151544094237504,3141,0.9847331271645219,0.045226826659927194,0.9357633728638651,1304,0.9804623649485422,0.9882392520044382
44,occurrence,corr_conc,gbt,3.0,0.37855209742895807,2956,0.9817868528115594,0.047522268183850615,0.9301063970037016,1119,0.9776024795985887,0.9857782712146931
44,occurrence,corr_conc,gbt,3.5,0.34509803921568627,2805,0.9801300854339404,0.04880597244488707,0.9230681199584303,968,0.9756376121090501,0.9845470763850307
44,occurrence,corr_conc,gbt,4.0,0.31121109861267343,2667,0.9776783781833922,0.05074251595243991,0.9144279895849047,830,0.9719243901164282,0.9825343872746444
44,occurrence,corr_conc,logreg,2.0,0.4508221225710015,3345,0.9453785941500169,0.09226887612522205,0.867774337989081,1508,0.9385317386261351,0.9518315951050944
44,occurrence,corr_conc,logreg,2.5,0.4151544094237504,3141,0.9390260193500339,0.09617111147736633,0.8596262578022984,1304,0.9306698207251457,0.9466886987620848
44,occurrence,corr_conc,logreg,3.0,0.37855209742895807,2956,0.9329666282837688,0.0980124302920684,0.8480304805937723,1119,0.9240651251739579,0.9419768670437096
44,occurrence,corr_conc,logreg,3.5,0.34509803921568627,2805,0.9292346936480157,0.09799648904476853,0.8384718166971842,968,0.9201915181822378,0.9379632169534707
44,occurrence,corr_conc,logreg,4.0,0.31121109861267343,2667,0.9217365925323503,0.09935602107633344,0.8269365977792498,830,0.9107365186121935,0.9318389628379887
44,permanence,corr_conc,gbt,2.0,0.13660477453580902,1508,0.939782709200185,0.058314857973404376,0.7614759965997047,206,0.9221432253051357,0.9567579776067069
44,permanence,corr_conc,gbt,2.5,0.1303680981595092,1304,0.9298423072932878,0.06066755955232193,0.7377995642701525,170,0.9087775505126724,0.9479016968661919
44,permanence,corr_conc,gbt,3.0,0.1260053619302949,1119,0.9284253578732106,0.059460698809878594,0.7390244963668798,141,0.9046030907754659,0.9500862396849539
44,permanence,corr_conc,gbt,3.5,0.13739669421487602,968,0.9288100490747827,0.06261195925076105,0.7322182702264644,133,0.9043961120318879,0.950079513604047
44,permanence,corr_conc,gbt,4.0,0.13855421686746988,830,0.9263484341745211,0.06332580215431934,0.7176953481301307,115,0.8990012093404942,0.9514091263822384
44,permanence,corr_conc,logreg,2.0,0.13660477453580902,1508,0.8939495622865495,0.0724773753653305,0.7254373406111583,206,0.8679162371608172,0.9161925114119771
44,permanence,corr_conc,logreg,2.5,0.1303680981595092,1304,0.8952692187986306,0.07107938125439946,0.672357090984542,170,0.8673571799400273,0.9201124314783224
44,permanence,corr_conc,logreg,3.0,0.1260053619302949,1119,0.8889323993096347,0.07400223622389757,0.6306617934995431,141,0.8570467897722657,0.9175606104589489
44,permanence,corr_conc,logreg,3.5,0.13739669421487602,968,0.8974472108414749,0.07970990725461582,0.6141461438026203,133,0.8667539587214185,0.9238946209307868
44,permanence,corr_conc,logreg,4.0,0.13855421686746988,830,0.8894010337488599,0.08500414910439931,0.5667680145941015,115,0.8564066364397115,0.9200286438238879
