seed,arm,scenario,r2,mae,auroc,n_samples
42,e11a_w20,D,0.8530378616757415,0.5505552084979528,0.942336496956658,1125
43,e11a_w20,D,0.7929525415909848,0.6263549048459514,0.9278326370208618,1116
44,e11a_w20,D,0.7948814615623956,0.6306160048126556,0.9214563971653836,1143
42,e11a_w20,E,0.7379263744349867,0.7164258641028439,0.9104674604674604,1169
43,e11a_w20,E,0.7025145952215799,0.7767433227384732,0.9058530073515124,1179
44,e11a_w20,E,0.6700190193913858,0.7864475071133017,0.895246541217479,1186
42,e7a_w50,D,0.7659016459091234,0.5410555826479192,0.9100412459109656,336
43,e7a_w50,D,0.762080750327698,0.5386296993420345,0.8835812356979404,336
44,e7a_w50,D,0.7376592856169233,0.5285055015978772,0.863777673104098,358
42,e7a_w50,E,0.5233377502300991,0.8165682045668526,0.8204694713570453,351
43,e7a_w50,E,0.5142469214699423,0.8130458799520406,0.8036719706242351,362
44,e7a_w50,E,0.4764072964352356,0.8373307437645645,0.7860268737672584,361
42,e11b_500,D,0.8203620413865611,0.6513820831909977,0.9371583758210464,846
42,e11b_500,E,0.7026880852501646,0.8306792869601866,0.8869053428326664,875
42,e11b_1000,D,0.8296908174602534,0.5847494272486985,0.948030076211214,1706
42,e11b_1000,E,0.6898896537670675,0.9208085336155702,0.890100755950442,1717
43,e11b_500,D,0.7927971609760354,0.6669118362481805,0.9137783927130174,844
43,e11b_500,E,0.6531890948325461,0.9067818716987052,0.8885313708637731,878
43,e11b_1000,D,0.799520234698504,0.6388987885727413,0.9267326193085011,1701
43,e11b_1000,E,0.6540101098787412,0.916889109341034,0.8823761640782977,1741
44,e11b_500,D,0.7652423489476969,0.690034818469215,0.912435500515996,852
44,e11b_500,E,0.6334354542349996,0.9096999765572806,0.8887193807141625,879
44,e11b_1000,D,0.8172272168408858,0.5991928525833836,0.939211895031916,1717
44,e11b_1000,E,0.6744889360148838,0.921256337999834,0.8832844813548282,1781
