seed,J,r2,mae,auroc,n_samples
42,0.2,0.6799449188901378,0.6527995413447762,0.8496240601503761,87
42,0.5,0.758135096342964,0.696317150107535,0.8964334705075445,81
42,0.8,0.4510685851381222,0.8639735395337986,0.8335866261398176,75
42,1.0,0.3845477623845305,1.2167927170057653,0.8128654970760234,84
42,1.2,0.433769363805804,1.7397422200216048,0.8110119047619048,85
42,1.5,0.5136024705507847,1.5084611541850104,0.6926229508196722,89
42,2.0,0.506969109532024,1.416453333628873,0.7986453201970443,85
43,0.2,0.7203617774013973,0.505109334199612,0.8902439024390244,83
43,0.5,0.4502606313478651,0.7935999711937014,0.9122448979591836,77
43,0.8,0.3885787217800739,0.8638683280425956,0.8796542553191489,79
43,1.0,0.6333173771115651,0.7648663637102114,0.8452380952380952,90
43,1.2,0.578344398587773,0.8772700206459085,0.7021276595744681,85
43,1.5,0.5885520689936898,0.7597757323840707,0.7987804878048781,85
43,2.0,0.3720975229964985,1.1635999928127707,0.8027777777777777,85
44,0.2,0.7437763826576917,0.5766577490243592,0.9465449804432856,85
44,0.5,0.7401501707323732,0.6255844814376637,0.9124860646599776,85
44,0.8,0.5295216236578252,0.7529541890017396,0.7902467685076381,83
44,1.0,0.5880708515802073,0.8140827521982836,0.8493909191583611,85
44,1.2,0.7185338230712943,0.5276050246548185,0.8964497041420117,91
44,1.5,0.5415977588565531,1.0941412619552413,0.8305681246857717,90
44,2.0,0.6423777060108191,0.8123895272471142,0.8696969696969696,83
45,0.2,0.8691383453865676,0.5084570565699646,0.9559006211180126,81
45,0.5,0.5721019201706652,1.010004540191349,0.888888888888889,73
45,0.8,0.5715262924937968,1.2501022092846488,0.85578231292517,77
45,1.0,0.5060137835222185,1.352095341734334,0.9420408163265306,70
45,1.2,0.8100956222875887,0.730331680200711,0.8848684210526316,62
45,1.5,0.4294416834581507,1.1196196008293395,0.8481532147742818,60
45,2.0,0.6605694303016496,0.647752001397112,0.9252199413489736,75
46,0.2,0.903180020439028,0.3879604937621627,0.953125,80
46,0.5,0.668494574569259,0.8027770617658636,0.8611111111111112,82
46,0.8,0.6914734284220024,0.9174468596976684,0.8375713544369486,88
46,1.0,0.1255142354897523,1.080861364991528,0.7697368421052633,86
46,1.2,0.7091425668574101,1.0397050159719334,0.9364035087719298,86
46,1.5,0.6675603312999607,1.1438228693120605,0.7243055555555555,76
46,2.0,0.7314375837012673,1.0413407126344325,0.8073529411764706,74
47,0.2,0.9098922901238772,0.4032904042163702,0.9940577249575552,69
47,0.5,0.7992509488562578,0.7398586220370711,0.7897435897435897,79
47,0.8,0.6574194697065265,0.4802722817177263,0.817477096546864,76
47,1.0,0.7366916829095401,0.4896811783184496,0.8144736842105263,78
47,1.2,0.8106458880771106,0.5074392244560314,0.8660399529964747,83
47,1.5,0.7011562770791088,0.7914211574522749,0.7616161616161616,78
47,2.0,0.8020208428661182,0.9367962608287844,0.6903409090909091,76
48,0.2,0.6947332095686409,0.7353627333263243,0.9106104651162792,75
48,0.5,0.5106495152296358,1.130488600155047,0.7572115384615384,71
48,0.8,0.6374676564037911,1.0300483149658646,0.8476621417797888,73
48,1.0,0.5267103772971096,1.25073482355553,0.7634408602150538,73
48,1.2,0.202320269672212,1.2143401039547832,0.6119815668202765,66
48,1.5,0.6124161097533107,0.9278690233279654,0.7669354838709678,71
48,2.0,0.4302928758335219,1.136558651117786,0.7873475609756098,73
49,0.2,0.8205193410801663,0.5161350310517762,0.9425505050505052,81
49,0.5,0.6365765661208944,0.8109794112777226,0.9075757575757576,73
49,0.8,0.5609916383367887,0.8286836119257192,0.8333333333333334,76
49,1.0,0.1847714115778949,1.222143013039908,0.80564263322884,73
49,1.2,0.7589556796529349,0.915522959760572,0.9103803997421018,80
49,1.5,0.3376010796028554,1.7735409005669258,0.7736572890025576,80
49,2.0,0.6230568886129029,1.3102848225950272,0.7435897435897436,78
