seed,arm,key,r2,mae,auroc
42,e6b,0.00,0.6021120853789216,0.6178333550207569,0.751694577352472
42,e6b,0.01,0.5777013397751785,0.6341950500824661,0.729066985645933
42,e6b,0.02,0.5568295467696642,0.6422396338039363,0.7297647527910686
42,e6b,0.05,0.48807135193940976,0.6836941735633708,0.6856060606060607
42,e6b,0.10,0.4273795663780511,0.7206519558703894,0.6309808612440191
42,e8c,cross_system_D,0.8254558724540557,0.5845909505033745,0.9131376086599967
42,e8c,cross_system_E,0.5672993742439099,0.9167821586738389,0.8148218930827626
43,e6b,0.00,0.36312993951079275,0.5130894800477328,0.7608403361344537
43,e6b,0.01,0.4123917314019212,0.49262669787388247,0.7741176470588236
43,e6b,0.02,0.4293306882329181,0.48824314868611696,0.7816806722689075
43,e6b,0.05,0.44587103916760396,0.4756402708037581,0.7827731092436975
43,e6b,0.10,0.25158821924047226,0.5567862719634237,0.7010084033613446
43,e8c,cross_system_D,0.7681313392186819,0.6632981585915633,0.8830521472392637
43,e8c,cross_system_E,0.6243024546189471,1.0339413422589097,0.8283893062525363
44,e6b,0.00,0.5148507944169647,0.6298163537024697,0.8123689727463312
44,e6b,0.01,0.5961294790536866,0.6234109637905034,0.8201557352500749
44,e6b,0.02,0.4821796810478195,0.6356212753249634,0.7991913746630727
44,e6b,0.05,0.56125885332527,0.594527074798237,0.8059299191374664
44,e6b,0.10,0.5801531318685909,0.6130390188038467,0.7583108715184186
44,e8c,cross_system_D,0.7917978720195784,0.6331974775429711,0.9151149402469528
44,e8c,cross_system_E,0.5967446336255726,1.0188275028589133,0.8078151326358683
