J,model,n,part,censored,corr_energy,frac_nonmonotone,frac_unitary_cross,mean_T2,mean_gap,median_depth,resid_sd,std_T2
0.2,XXZ,400,1,,,,0.0,,,0.06926447038628691,,
0.5,XXZ,400,1,,,,0.0,,,0.06927475514106624,,
0.8,XXZ,400,1,,,,0.0,,,0.06925969639992385,,
1.0,XXZ,400,1,,,,0.0,,,0.06927903556384407,,
1.2,XXZ,400,1,,,,0.0,,,0.06926522225795817,,
1.5,XXZ,400,1,,,,0.0,,,0.06924435145460062,,
2.0,XXZ,400,1,,,,0.0,,,0.06928417160882772,,
0.2,TFIM,400,1,,,,0.0,,,0.09903643517220784,,
0.5,TFIM,400,1,,,,0.0,,,0.1502290235469197,,
0.8,TFIM,400,1,,,,0.0,,,0.1913109361925202,,
1.0,TFIM,400,1,,,,0.0,,,0.21558761068948185,,
1.2,TFIM,400,1,,,,0.0,,,0.20898985058940145,,
1.5,TFIM,400,1,,,,0.0025,,,0.24869652752370058,,
2.0,TFIM,400,1,,,,0.0025,,,0.2808613602947793,,
0.2,XXZ,150,2,0,0.9765264875923629,0.0,,3.9347843189356038,0.0,,0.4685475914131296,2.175270903582682
0.5,XXZ,150,2,0,0.9788329870690219,0.10666666666666667,,3.960833771884866,0.09737692110569932,,0.4274777302725342,2.0887147639528236
0.8,XXZ,150,2,0,0.9801873916198083,0.30666666666666664,,3.901172228066927,0.2219759829386125,,0.4293477338662624,2.167630243993561
1.0,XXZ,150,2,0,0.9751678493099832,0.34,,3.8041980621383042,0.2309630982921499,,0.485613938245239,2.1927139122048076
1.2,XXZ,150,2,0,0.9538214429775415,0.48,,3.7484618233241984,0.3662349303865549,,0.6267620088243132,2.0866040644336263
1.5,XXZ,150,2,0,0.9665782923825236,0.47333333333333333,,3.822453933515582,0.31935791056030727,,0.5359600217513936,2.090559139725838
2.0,XXZ,150,2,0,0.9707138190342555,0.56,,3.9295505923489524,0.2999691974817683,,0.5390764492262194,2.2439191622757515
0.2,TFIM,150,2,0,0.9730920052915474,0.12666666666666668,,4.228824990835482,0.16014168446581334,,0.5274606073135755,2.289157610400541
0.5,TFIM,150,2,0,0.9274311309637098,0.3,,4.070729410877492,0.44531368917737,,0.830783503473899,2.2213820199775327
0.8,TFIM,149,2,1,0.8899511649379682,0.5637583892617449,,4.047344456649549,0.8194930607556599,,1.0379982802099699,2.2760333320526533
1.0,TFIM,150,2,0,0.8304206476014087,0.6133333333333333,,4.3358552525428316,0.9780353825032353,,1.4842174553088936,2.6640084349970143
1.2,TFIM,149,2,1,0.8111087093000431,0.5704697986577181,,4.527200798381319,1.0936830780799205,,1.8401604679944874,3.146135838812303
1.5,TFIM,147,2,3,0.6735616979347575,0.7142857142857143,,4.213652249492287,1.2856108308922392,,2.3075107852767744,3.121923958013294
2.0,TFIM,146,2,4,0.6759019460395739,0.7534246575342466,,4.342695869077954,1.2836160874691545,,1.8557131823049635,2.51795716981836
